acqf,trial,iteration,best_f,sum_c_x,cum_costs
EEIPU,9,0,-24.56321627257124,76.28520793584067,76.28520793584067
EEIPU,9,1,-24.56321627257124,74.99950095694054,151.28470889278125
EEIPU,9,0,-24.56321627257124,76.28520793584067,76.28520793584067
EEIPU,9,1,-24.56321627257124,74.99950095694054,151.28470889278125
EEIPU,9,2,-24.56321627257124,20.65661203622557,171.9413209290068
EEIPU,9,3,-24.56321627257124,25.96660950384633,197.9079304328531
EEIPU,9,4,-24.56321627257124,25.333605204007355,223.24153563686048
EEIPU,9,5,-24.56321627257124,33.104675582709426,256.3462112195699
EEIPU,9,6,-24.56321627257124,20.109083756576595,276.4552949761465
EEIPU,9,7,-24.56321627257124,27.67515295088012,304.1304479270266
EEIPU,9,8,-24.56321627257124,73.23745151419665,377.3678994412232
EEIPU,9,9,-24.56321627257124,20.7143270808585,398.0822265220817
EEIPU,9,10,-24.56321627257124,28.599693464260582,426.6819199863424
EEIPU,9,11,-24.56321627257124,24.829303881003536,451.51122386734585
EEIPU,9,12,-24.56321627257124,20.077291036860085,471.5885149042059
EEIPU,9,13,-24.56321627257124,20.109083756576595,491.6975986607825
EEIPU,9,14,-24.56321627257124,41.18751965771549,532.885118318498
EEIPU,9,15,-24.56321627257124,20.89302461907132,553.7781429375693
EEIPU,9,16,-24.56321627257124,35.41869179776977,589.196834735339
EEIPU,9,17,-24.56321627257124,38.83216589932413,628.0290006346631
EEIPU,9,18,-24.56321627257124,21.53539201478074,649.5643926494439
EEIPU,9,19,-24.56321627257124,38.36859151627846,687.9329841657224
EEIPU,9,20,-24.56321627257124,20.828396366208057,708.7613805319304
EEIPU,9,21,-24.56321627257124,39.077693612700536,747.8390741446309
EEIPU,9,22,-24.56321627257124,21.676252472679277,769.5153266173102
EEIPU,9,23,-24.56321627257124,39.6612172672878,809.176543884598
EEIPU,9,24,-24.56321627257124,21.730874801149096,830.9074186857471
EEIPU,9,25,-24.56321627257124,39.64736020231306,870.5547788880601
EEIPU,9,26,-24.56321627257124,20.83094585852253,891.3857247465827
EEIPU,9,27,-24.56321627257124,46.5815910374635,937.967315784046
EEIPU,9,28,-24.56321627257124,22.041170646359998,960.0084864304062
EEIPU,9,29,-24.56321627257124,78.10885806828078,1038.1173444986869
EEIPU,9,30,-24.56321627257124,22.24665921405876,1060.3640037127457
EEIPU,9,31,-24.56321627257124,42.82392092880391,1103.1879246415497
EEIPU,9,32,-24.56321627257124,21.03064105560812,1124.2185656971578
EEIPU,9,33,-24.56321627257124,42.86192151961223,1167.08048721677
EEIPU,9,34,-24.56321627257124,20.30787014200398,1187.388357358774
EEIPU,9,35,-24.56321627257124,29.331543737061136,1216.7199010958352
EEIPU,9,36,-24.56321627257124,46.33610615242513,1263.0560072482604
EEIPU,9,37,-24.56321627257124,21.932261367044084,1284.9882686153044
EEIPU,9,38,-24.227617968251085,79.85048666810886,1364.838755283413
EEIPU,9,39,-24.227617968251085,23.371270618861438,1388.2100259022748
EEIPU,9,40,-24.227617968251085,30.512146820692,1418.722172722967
EEIPU,9,41,-24.227617968251085,60.4133185307036,1479.1354912536704
EEIPU,9,42,-24.227617968251085,23.391081788650645,1502.526573042321
EEIPU,9,43,-24.227617968251085,46.89893819836084,1549.4255112406818
EEIPU,9,44,-24.227617968251085,27.663649818558596,1577.0891610592405
EEIPU,9,45,-24.227617968251085,60.34337775674099,1637.4325388159812
EEIPU,9,46,-24.227617968251085,23.44253944230658,1660.8750782582877
EEIPU,9,47,-24.004980256461053,39.91290836730314,1700.7879866255907
EEIPU,9,48,-24.004980256461053,76.04143127798262,1776.8294179035734
EEIPU,9,49,-24.004980256461053,26.23665840541386,1803.0660763089872
EEIPU,9,50,-24.004980256461053,82.16786584270136,1885.2339421516888
EEIPU,9,51,-24.004980256461053,26.49332981350637,1911.7272719651949
EEIPU,9,52,-24.004980256461053,62.25429453777933,1973.981566502974
EEIPU,9,53,-24.004980256461053,26.694638343735743,2000.6762048467097
EEIPU,9,54,-24.004980256461053,82.07835371254595,2082.754558559256
EEIPU,9,55,-24.004980256461053,26.914487710534942,2109.6690462697907
EEIPU,9,56,-23.87897193421744,81.99100230248129,2191.660048572272
EEIPU,9,57,-23.87897193421744,27.09973059376908,2218.759779166041
EEIPU,9,58,-23.87897193421744,62.84120629283048,2281.6009854588715
EEIPU,9,59,-23.87897193421744,27.08786682422772,2308.688852283099
EEIPU,9,60,-23.460852159762936,82.57554478069076,2391.26439706379
EEIPU,9,61,-23.460852159762936,27.50961201209277,2418.774009075883
EEIPU,9,62,-23.460852159762936,87.97924021899955,2506.7532492948826
EEIPU,9,63,-23.460852159762936,23.151157175882616,2529.904406470765
EEIPU,9,64,-19.39127166982277,87.0838605928499,2616.988267063615
EEIPU,9,65,-19.39127166982277,23.51067998015059,2640.4989470437654
EEIPU,9,66,-19.08626511993984,36.50711323908139,2677.006060282846
EEIPU,9,67,-18.6097599260864,85.88680895337117,2762.892869236218
EEIPU,9,68,-18.6097599260864,27.55453034526957,2790.4473995814874
EEIPU,9,69,-17.571541702046275,88.56887376232687,2879.016273343814
EEIPU,9,70,-17.571541702046275,25.74860029694014,2904.7648736407546
EEIPU,9,71,-17.571541702046275,85.90596065095733,2990.670834291712
EEIPU,9,72,-17.571541702046275,27.703678990944365,3018.374513282656
EEIPU,9,73,-16.6004894877591,89.52300758819109,3107.897520870847
EEIPU,9,74,-16.6004894877591,25.99962907642798,3133.897149947275
EEIPU,9,75,-16.6004894877591,68.02953226183311,3201.926682209108
EEIPU,9,76,-16.6004894877591,25.76277218056808,3227.689454389676
EEIPU,9,77,-16.179851056601894,87.52623508672158,3315.215689476397
EEIPU,9,78,-16.09279343138755,28.16686056266865,3343.3825500390662
EEIPU,9,79,-16.09279343138755,90.15647625188012,3433.5390262909464
EEIPU,9,80,-16.09279343138755,26.087563795992207,3459.6265900869384
EEIPU,9,81,-15.79715202743971,90.98903766005164,3550.61562774699
EEIPU,9,82,-15.79715202743971,26.872427247351396,3577.4880549943414
EEIPU,9,83,-15.661569708517463,90.84351821880074,3668.3315732131423
EEIPU,9,84,-15.373705857843644,28.069476228252107,3696.401049441394
EEIPU,9,85,-15.373705857843644,38.75418472418912,3735.155234165584
EEIPU,9,86,-15.192245809143392,43.17837011511807,3778.333604280701
EEIPU,9,87,-15.192245809143392,96.99177808058404,3875.325382361285
EEIPU,9,88,-15.192245809143392,94.4737799736724,3969.7991623349576
EEIPU,9,89,-15.192245809143392,29.49482571088806,3999.2939880458457
EEIPU,9,90,-13.578347920518365,93.32889667805692,4092.622884723903
EEIPU,9,91,-13.578347920518365,29.94744657044213,4122.570331294345
EEIPU,9,92,-13.578347920518365,37.57382865519341,4160.144159949538
EEIPU,9,93,-13.578347920518365,50.29413857561812,4210.438298525157
EEIPU,9,94,-13.578347920518365,33.0005384353534,4243.43883696051
EEIPU,9,95,-13.578347920518365,36.24551067921736,4279.684347639728
EEIPU,9,96,-13.578347920518365,95.4015924461415,4375.08594008587
EEIPU,9,97,-13.578347920518365,30.05422136468091,4405.140161450551
EEIPU,9,98,-13.578347920518365,93.80877372513888,4498.94893517569
EEIPU,9,99,-13.578347920518365,30.75315632603433,4529.702091501725
EEIPU,9,100,-13.460234292577654,53.87821143165934,4583.580302933384
EEIPU,9,101,-13.460234292577654,32.80744291907527,4616.387745852459
EEIPU,9,102,-13.460234292577654,95.19873042001277,4711.586476272472
EEIPU,9,103,-13.460234292577654,30.14968887314068,4741.736165145613
EEIPU,9,104,-13.460234292577654,94.35294641261731,4836.089111558231
EEIPU,9,105,-13.460234292577654,30.327779434604125,4866.416890992835
EEIPU,9,106,-13.460234292577654,96.49382524333092,4962.910716236166
EEIPU,9,107,-13.460234292577654,30.06438523199011,4992.975101468156
EEIPU,9,108,-13.460234292577654,96.30585010303687,5089.280951571193
EEIPU,9,109,-13.460234292577654,30.743392323716083,5120.024343894909
EEIPU,9,110,-13.460234292577654,92.6383785309102,5212.662722425819
EEIPU,9,111,-13.460234292577654,31.45322845856406,5244.115950884383
EEIPU,9,112,-13.460234292577654,100.611976889279,5344.727927773662
EEIPU,9,113,-13.460234292577654,30.57862497630528,5375.306552749967
EEIPU,9,114,-13.460234292577654,94.90754086588736,5470.214093615854
EEIPU,9,115,-13.460234292577654,30.57336095503429,5500.787454570888
EEIPU,9,116,-13.460234292577654,91.84395075073336,5592.631405321622
EEIPU,9,117,-13.460234292577654,93.55494930946692,5686.186354631089
EEIPU,9,118,-13.460234292577654,33.94719249910216,5720.133547130191
EEIPU,9,119,-13.460234292577654,90.29701416621968,5810.430561296411
EEIPU,9,120,-13.460234292577654,93.7942264177446,5904.224787714155
EEIPU,9,121,-13.460234292577654,33.11805364155918,5937.342841355715
EEIPU,9,122,-13.460234292577654,95.98205568710924,6033.324897042824
EEIPU,9,123,-13.460234292577654,95.06452376760932,6128.389420810433
EEIPU,9,124,-13.460234292577654,91.28380187194028,6219.673222682373
EEIPU,9,125,-13.460234292577654,92.86470160938148,6312.537924291755
EEIPU,9,126,-13.460234292577654,31.419208837780573,6343.957133129536
EEIPU,9,127,-13.460234292577654,91.0948533220056,6435.051986451541
EEIPU,9,128,-13.205709297369545,88.4783090973076,6523.530295548849
EEIPU,9,129,-12.884319308420212,32.44999101516096,6555.9802865640095
EEIPU,9,130,-12.884319308420212,103.33323728062336,6659.313523844633
EEIPU,9,131,-12.3761195903931,93.83832955088916,6753.151853395522
EEIPU,9,132,-11.095250515222512,102.00331004814008,6855.155163443662
EEIPU,9,133,-11.095250515222512,115.10828137377796,6970.263444817439
EEIPU,9,134,-10.772552449502122,110.9109093003606,7081.1743541178
EEIPU,9,135,-9.788486252707218,112.08252374896963,7193.25687786677
EEIPU,9,136,-9.788486252707218,120.83496511881124,7314.091842985581
EEIPU,9,137,-9.788486252707218,119.63192395741254,7433.723766942993
EEIPU,9,138,-9.384072984769976,121.22215728249144,7554.945924225484
EEIPU,9,139,-9.384072984769976,115.63962236051896,7670.585546586003
EEIPU,9,140,-9.384072984769976,119.45038335713286,7790.035929943136
EEIPU,9,141,-9.384072984769976,117.25478703900288,7907.290716982138
EEIPU,9,142,-9.384072984769976,125.1830509160306,8032.473767898169
EEIPU,8,0,-41.59817819001174,95.07300988444376,95.07300988444376
EEIPU,8,1,-33.152129842384525,91.8004043642967,186.8734142487405
EEIPU,8,0,-41.59817819001174,95.07300988444376,95.07300988444376
EEIPU,8,1,-33.152129842384525,91.8004043642967,186.8734142487405
EEIPU,8,2,-33.152129842384525,19.278656573969496,206.15207082271
EEIPU,8,3,-21.09613315133172,20.331548889517823,226.48361971222775
EEIPU,8,4,-21.09613315133172,23.78490729814957,250.2685270103773
EEIPU,8,5,-21.09613315133172,24.99418859330207,275.2627156036794
EEIPU,8,6,-21.09613315133172,18.616473784254136,293.87918938793354
EEIPU,8,7,-20.9965809739087,50.03025296249453,343.9094423504281
EEIPU,8,8,-19.794465879265097,29.167009885798148,373.0764522362263
EEIPU,8,9,-19.794465879265097,24.458101825163748,397.53455406139
EEIPU,8,10,-19.794465879265097,48.66393138575472,446.1984854471447
EEIPU,8,11,-19.794465879265097,47.23163252982404,493.4301179769688
EEIPU,8,12,-19.645769186941934,31.011684021988728,524.4418019989574
EEIPU,8,13,-19.645769186941934,46.93689688025306,571.3786988792104
EEIPU,8,14,-19.606240086427107,46.28526631064617,617.6639651898566
EEIPU,8,15,-19.19562216769366,34.1456775116924,651.809642701549
EEIPU,8,16,-19.19562216769366,43.36335329078245,695.1729959923315
EEIPU,8,17,-19.19562216769366,51.87267659647857,747.04567258881
EEIPU,8,18,-19.19562216769366,77.73221682779358,824.7778894166036
EEIPU,8,19,-19.19562216769366,50.11746638365224,874.8953558002559
EEIPU,8,20,-19.19562216769366,18.578873936416628,893.4742297366724
EEIPU,8,21,-19.19562216769366,71.80656113299155,965.280790869664
EEIPU,8,22,-19.19562216769366,61.70465156673964,1026.9854424364037
EEIPU,8,23,-18.950103310501188,33.03838381872735,1060.023826255131
EEIPU,8,24,-18.950103310501188,63.4115567447124,1123.4353829998436
EEIPU,8,25,-18.950103310501188,77.05304570702525,1200.4884287068687
EEIPU,8,26,-18.950103310501188,84.60535548615914,1285.093784193028
EEIPU,8,27,-18.950103310501188,77.56051094121207,1362.65429513424
EEIPU,8,28,-18.950103310501188,63.79325495002908,1426.4475500842689
EEIPU,8,29,-16.110207337337904,84.74756484645238,1511.1951149307213
EEIPU,8,30,-15.593634702670755,85.94837679569258,1597.143491726414
EEIPU,8,31,-15.593634702670755,85.97918982996784,1683.1226815563818
EEIPU,8,32,-15.141342265669412,64.14716376849144,1747.2698453248734
EEIPU,8,33,-15.141342265669412,84.80117758964752,1832.0710229145209
EEIPU,8,34,-14.916427733718873,37.57073816912966,1869.6417610836504
EEIPU,8,35,-13.725749931945648,87.87282749371334,1957.514588577364
EEIPU,8,36,-13.725749931945648,24.15706094069831,1981.6716495180624
EEIPU,8,37,-13.725749931945648,66.51353704230205,2048.1851865603644
EEIPU,8,38,-13.725749931945648,80.22267884931266,2128.407865409677
EEIPU,8,39,-13.725749931945648,39.5283151041846,2167.936180513861
EEIPU,8,40,-13.725749931945648,55.33151332762637,2223.267693841488
EEIPU,8,41,-13.725749931945648,67.63225775481862,2290.8999515963064
EEIPU,8,42,-13.725749931945648,51.24473828347226,2342.1446898797785
EEIPU,8,43,-13.725749931945648,70.09433833594926,2412.239028215728
EEIPU,8,44,-13.725749931945648,22.35645642770787,2434.595484643436
EEIPU,8,45,-13.725749931945648,77.27130438267719,2511.8667890261127
EEIPU,8,46,-13.725749931945648,59.901024476529294,2571.7678135026417
EEIPU,8,47,-13.725749931945648,70.21739615979695,2641.9852096624386
EEIPU,8,48,-13.725749931945648,71.21270817219519,2713.1979178346337
EEIPU,8,49,-13.725749931945648,56.96012364357225,2770.158041478206
EEIPU,8,50,-13.725749931945648,57.59230677945564,2827.7503482576617
EEIPU,8,51,-13.725749931945648,69.24793350871028,2896.998281766372
EEIPU,8,52,-13.725749931945648,72.0564978966896,2969.0547796630617
EEIPU,8,53,-13.725749931945648,53.17414931169003,3022.228928974752
EEIPU,8,54,-13.692669368452387,51.59633095941084,3073.8252599341627
EEIPU,8,55,-13.692669368452387,35.604936095447606,3109.43019602961
EEIPU,8,56,-13.692669368452387,77.9969276396276,3187.427123669238
EEIPU,8,57,-13.692669368452387,50.08615813236641,3237.5132818016045
EEIPU,8,58,-13.692669368452387,71.5115035981055,3309.0247853997103
EEIPU,8,59,-12.17817331902542,56.079701839145685,3365.104487238856
EEIPU,8,60,-12.17817331902542,45.00193681511843,3410.1064240539745
EEIPU,8,61,-11.733661257602254,54.522376595594665,3464.6288006495693
EEIPU,8,62,-11.733661257602254,79.45720212495542,3544.086002774525
EEIPU,8,63,-11.574428718761796,90.1429770468724,3634.228979821397
EEIPU,8,64,-11.574428718761796,29.22333704150936,3663.452316862906
EEIPU,8,65,-11.574428718761796,46.0484039196017,3709.500720782508
EEIPU,8,66,-11.574428718761796,53.743569448266456,3763.244290230775
EEIPU,8,67,-11.574428718761796,55.8265492818815,3819.070839512656
EEIPU,8,68,-11.574428718761796,57.73204427595948,3876.802883788616
EEIPU,8,69,-11.38975573630789,86.97968168152116,3963.782565470137
EEIPU,8,70,-11.38975573630789,25.558796709474983,3989.341362179612
EEIPU,8,71,-11.38975573630789,47.12630095317949,4036.467663132791
EEIPU,8,72,-11.38975573630789,37.91077846242302,4074.378441595214
EEIPU,8,73,-11.38975573630789,26.780754972060578,4101.159196567275
EEIPU,8,74,-11.38125655889846,72.87603968127945,4174.035236248555
EEIPU,8,75,-11.38125655889846,48.90602642544762,4222.941262674002
EEIPU,8,76,-11.38125655889846,55.6824457473747,4278.623708421377
EEIPU,8,77,-11.38125655889846,86.84932290292167,4365.473031324299
EEIPU,8,78,-11.38125655889846,75.13970476335967,4440.612736087659
EEIPU,8,79,-11.38125655889846,87.83275719820202,4528.445493285861
EEIPU,8,80,-11.38125655889846,75.91750048264817,4604.362993768509
EEIPU,8,81,-11.38125655889846,75.25397767744475,4679.616971445954
EEIPU,8,82,-11.38125655889846,32.78328577142281,4712.400257217377
EEIPU,8,83,-11.378940284246868,87.3561067491448,4799.756363966521
EEIPU,8,84,-11.378940284246868,76.27624145919395,4876.032605425716
EEIPU,8,85,-11.378940284246868,52.7501723306827,4928.782777756398
EEIPU,8,86,-11.378940284246868,49.11569203045954,4977.898469786857
EEIPU,8,87,-11.378940284246868,83.14682956288533,5061.045299349743
EEIPU,8,88,-11.378940284246868,84.77361039351483,5145.818909743258
EEIPU,8,89,-11.378940284246868,71.31548582068469,5217.134395563942
EEIPU,8,90,-11.378940284246868,59.71077380451751,5276.84516936846
EEIPU,8,91,-11.378940284246868,56.04980523932046,5332.894974607781
EEIPU,8,92,-11.378940284246868,54.8724925971318,5387.7674672049125
EEIPU,8,93,-11.378940284246868,85.63658337986342,5473.404050584776
EEIPU,8,94,-11.378940284246868,71.8567192176408,5545.260769802417
EEIPU,8,95,-11.378940284246868,76.89989798763786,5622.160667790055
EEIPU,8,96,-11.378940284246868,74.52816109001635,5696.688828880071
EEIPU,8,97,-11.334076629560876,73.29209702597808,5769.980925906049
EEIPU,8,98,-11.334076629560876,91.83524303534534,5861.816168941395
EEIPU,8,99,-11.332626495185623,32.91747313029059,5894.733642071686
EEIPU,8,100,-11.322000290991031,55.356116246274055,5950.089758317959
EEIPU,8,101,-9.699897548859225,56.037514785208586,6006.127273103168
EEIPU,8,102,-9.699897548859225,63.28597561716645,6069.413248720334
EEIPU,8,103,-9.699897548859225,71.32924933553342,6140.742498055868
EEIPU,8,104,-9.699897548859225,93.01175923090582,6233.754257286774
EEIPU,8,105,-9.699897548859225,53.08232418789443,6286.8365814746685
EEIPU,8,106,-9.699897548859225,63.83219793830311,6350.668779412971
EEIPU,8,107,-9.27341204329174,99.5757065115614,6450.2444859245325
EEIPU,8,108,-9.27341204329174,82.67298201302455,6532.917467937557
EEIPU,8,109,-9.27341204329174,90.44283921403688,6623.3603071515945
EEIPU,8,110,-9.27341204329174,114.785625277573,6738.145932429167
EEIPU,8,111,-9.27341204329174,72.58760685624466,6810.733539285412
EEIPU,8,112,-9.27341204329174,105.26773655858985,6916.001275844002
EEIPU,8,113,-8.614942245439858,109.95284362583486,7025.954119469837
EEIPU,8,114,-8.614942245439858,121.61025226126384,7147.5643717311
EEIPU,8,115,-8.614942245439858,55.13838908967048,7202.702760820771
EEIPU,8,116,-8.540042687612814,52.56065712145566,7255.263417942227
EEIPU,8,117,-8.197089411306598,113.23827851363455,7368.501696455861
EEIPU,8,118,-8.197089411306598,39.782690817512936,7408.284387273374
EEIPU,8,119,-8.151939384326615,41.73988108755601,7450.024268360929
EEIPU,8,120,-8.151939384326615,97.66727182670414,7547.691540187634
EEIPU,8,121,-8.151939384326615,84.46935315788832,7632.160893345523
EEIPU,8,122,-8.151939384326615,107.5567941061837,7739.717687451706
EEIPU,8,123,-8.151939384326615,93.16954852606654,7832.887235977772
EEIPU,8,124,-7.783508322539399,105.87345600726094,7938.760691985033
EEIPU,8,125,-7.783508322539399,92.50301632244772,8031.263708307481
EEIPU,10,0,-32.74197066035946,146.33690772725453,146.33690772725453
EEIPU,10,1,-32.74197066035946,99.74923233918102,246.08614006643555
EEIPU,10,0,-32.74197066035946,146.33690772725453,146.33690772725453
EEIPU,10,1,-32.74197066035946,99.74923233918102,246.08614006643555
EEIPU,10,2,-32.74197066035946,22.104799850446263,268.1909399168818
EEIPU,10,3,-27.164040259558973,22.104799850446263,290.2957397673281
EEIPU,10,4,-27.164040259558973,22.104799849501912,312.40053961683
EEIPU,10,5,-27.164040259558973,31.43630077807985,343.8368403949098
EEIPU,10,6,-23.013628424573785,60.7704716190227,404.6073120139325
EEIPU,10,7,-20.183574909398217,24.456970920165467,429.064282934098
EEIPU,10,8,-20.01775472762024,33.54814094027897,462.612423874377
EEIPU,10,9,-19.231452895960288,32.73063019818685,495.3430540725639
EEIPU,10,10,-19.231452895960288,62.03850789545029,557.3815619680141
EEIPU,10,11,-19.231452895960288,27.02285394027748,584.4044159082916
EEIPU,10,12,-19.231452895960288,39.16166378107525,623.5660796893669
EEIPU,10,13,-19.231452895960288,43.25073711745749,666.8168168068244
EEIPU,10,14,-19.231452895960288,41.36371291025761,708.180529717082
EEIPU,10,15,-18.16257877817036,94.25872650039838,802.4392562174803
EEIPU,10,16,-18.16257877817036,42.81186026434407,845.2511164818244
EEIPU,10,17,-18.16257877817036,44.28048990297721,889.5316063848016
EEIPU,10,18,-17.755559373968364,81.2678202990927,970.7994266838944
EEIPU,10,19,-17.755559373968364,43.51158723598952,1014.311013919884
EEIPU,10,20,-17.681482678222586,66.26518293637247,1080.5761968562565
EEIPU,10,21,-17.681482678222586,45.57181856015828,1126.1480154164146
EEIPU,10,22,-17.42166694086299,64.97052483074525,1191.11854024716
EEIPU,10,23,-17.42166694086299,46.69595056587377,1237.8144908130337
EEIPU,10,24,-17.250025124254485,65.5134887187402,1303.327979531774
EEIPU,10,25,-17.14024021511558,43.41703616751371,1346.7450156992877
EEIPU,10,26,-17.14024021511558,42.17442683249066,1388.9194425317785
EEIPU,10,27,-16.715152465211776,67.77661708832576,1456.696059620104
EEIPU,10,28,-16.715152465211776,67.77732574291878,1524.4733853630228
EEIPU,10,29,-16.715152465211776,43.29489460986253,1567.7682799728852
EEIPU,10,30,-16.53224723599464,68.40717343763842,1636.1754534105237
EEIPU,10,31,-16.52102954744749,72.92403974966948,1709.099493160193
EEIPU,10,32,-16.49591170845502,68.06913726606601,1777.1686304262591
EEIPU,10,33,-16.49591170845502,30.8327058517352,1808.0013362779944
EEIPU,10,34,-16.455676331764188,56.4862305467678,1864.487566824762
EEIPU,10,35,-15.91744116772282,89.19151632314517,1953.6790831479072
EEIPU,10,36,-15.91744116772282,89.19334744463386,2042.8724305925407
EEIPU,10,37,-15.91744116772282,68.2681887206146,2111.140619313156
EEIPU,10,38,-15.91744116772282,58.91794212993382,2170.0585614430893
EEIPU,10,39,-15.82729339751453,72.22127863695138,2242.2798400800407
EEIPU,10,40,-15.82729339751453,28.03957889155131,2270.319418971592
EEIPU,10,41,-15.82729339751453,68.49977512765979,2338.8191940992515
EEIPU,10,42,-15.25002650738578,71.65035726120104,2410.4695513604524
EEIPU,10,43,-14.835269801591158,88.82071982152607,2499.2902711819784
EEIPU,10,44,-14.835269801591158,38.61746786097313,2537.907739042952
EEIPU,10,45,-14.835269801591158,51.497437137781134,2589.4051761807327
EEIPU,10,46,-14.835269801591158,38.02571788707092,2627.430894067804
EEIPU,10,47,-14.835269801591158,46.99201636285514,2674.422910430659
EEIPU,10,48,-14.835269801591158,52.39809692324715,2726.821007353906
EEIPU,10,49,-14.831557059435225,37.526905548698025,2764.347912902604
EEIPU,10,50,-14.831557059435225,54.19709528500416,2818.5450081876083
EEIPU,10,51,-14.831557059435225,55.42704207397423,2873.9720502615824
EEIPU,10,52,-14.831557059435225,55.60751026582179,2929.5795605274043
EEIPU,10,53,-14.831557059435225,90.93153114575976,3020.511091673164
EEIPU,10,54,-14.831557059435225,29.367491484990705,3049.878583158155
EEIPU,10,55,-14.831557059435225,40.881294609836736,3090.759877767992
EEIPU,10,56,-14.831557059435225,72.04362818181717,3162.803505949809
EEIPU,10,57,-14.831557059435225,37.921402086116,3200.7249080359247
EEIPU,10,58,-14.831557059435225,53.56968480831489,3254.29459284424
EEIPU,10,59,-13.999197775403186,53.36222510965516,3307.656817953895
EEIPU,10,60,-13.999197775403186,40.708420744825325,3348.36523869872
EEIPU,10,61,-13.999197775403186,54.85140895755818,3403.2166476562784
EEIPU,10,62,-13.999197775403186,59.97574521210142,3463.19239286838
EEIPU,10,63,-13.999197775403186,41.470308598780754,3504.662701467161
EEIPU,10,64,-13.999197775403186,59.36215337947662,3564.024854846637
EEIPU,10,65,-13.999197775403186,40.21016564844473,3604.235020495082
EEIPU,10,66,-13.999197775403186,58.567313840575,3662.802334335657
EEIPU,10,67,-13.999197775403186,77.77883758744437,3740.5811719231015
EEIPU,10,68,-13.999197775403186,44.64632014681908,3785.227492069921
EEIPU,10,69,-13.653194450194183,57.26521395066435,3842.492706020585
EEIPU,10,70,-13.653194450194183,43.09996636629351,3885.5926723868783
EEIPU,10,71,-13.653194450194183,56.8470737591439,3942.439746146022
EEIPU,10,72,-13.653194450194183,38.15517764730482,3980.594923793327
EEIPU,10,73,-13.653194450194183,91.11197505281258,4071.70689884614
EEIPU,10,74,-13.653194450194183,62.41303534848173,4134.119934194621
EEIPU,10,75,-13.653194450194183,55.51242410015469,4189.632358294776
EEIPU,10,76,-13.653194450194183,58.10723826388092,4247.7395965586575
EEIPU,10,77,-13.653194450194183,38.323465940460345,4286.063062499118
EEIPU,10,78,-13.653194450194183,56.26529470300683,4342.328357202125
EEIPU,10,79,-13.522435702730926,54.683582116784805,4397.01193931891
EEIPU,10,80,-13.519806962078896,46.24592200587355,4443.257861324783
EEIPU,10,81,-13.519806962078896,40.18479618075669,4483.44265750554
EEIPU,10,82,-13.519806962078896,38.02581769003715,4521.468475195577
EEIPU,10,83,-13.519806962078896,41.24354996739177,4562.712025162969
EEIPU,10,84,-13.519806962078896,44.90183276143664,4607.613857924406
EEIPU,10,85,-13.519806962078896,39.18245175253792,4646.7963096769445
EEIPU,10,86,-13.51845612383281,44.024286201101134,4690.820595878045
EEIPU,10,87,-13.51845612383281,42.5660767972639,4733.3866726753095
EEIPU,10,88,-13.51845612383281,56.12395611349793,4789.510628788808
EEIPU,10,89,-13.51845612383281,40.536377322577295,4830.047006111385
EEIPU,10,90,-13.51845612383281,57.90272636617685,4887.949732477561
EEIPU,10,91,-13.51845612383281,58.04108843204023,4945.990820909601
EEIPU,10,92,-13.51845612383281,35.55090365318032,4981.541724562781
EEIPU,10,93,-13.51845612383281,90.39478941210557,5071.936513974887
EEIPU,10,94,-13.51845612383281,52.874565008359,5124.811078983246
EEIPU,10,95,-13.51845612383281,40.842587969692445,5165.653666952939
EEIPU,10,96,-13.51845612383281,36.32835734040576,5201.982024293345
EEIPU,10,97,-13.51845612383281,41.62530054664081,5243.607324839985
EEIPU,10,98,-13.51845612383281,38.3330199260757,5281.940344766061
EEIPU,10,99,-13.51845612383281,40.04049993818417,5321.980844704245
EEIPU,10,100,-13.51845612383281,57.52577162293218,5379.506616327178
EEIPU,10,101,-13.410333243659808,74.53692076875397,5454.043537095931
EEIPU,10,102,-13.410333243659808,42.20223103559099,5496.245768131522
EEIPU,10,103,-13.410333243659808,57.018341286385954,5553.264109417908
EEIPU,10,104,-13.410333243659808,75.03057123252518,5628.294680650433
EEIPU,10,105,-13.410333243659808,35.62224276587158,5663.916923416305
EEIPU,10,106,-13.410333243659808,38.77970925490662,5702.696632671211
EEIPU,10,107,-13.410333243659808,42.66859754715637,5745.365230218367
EEIPU,10,108,-13.409619575067085,37.96387696883222,5783.3291071872
EEIPU,10,109,-13.409619575067085,36.0255135727953,5819.354620759996
EEIPU,10,110,-13.409619575067085,39.10471688045779,5858.459337640454
EEIPU,10,111,-12.959953415705206,73.41081118928005,5931.870148829734
EEIPU,10,112,-12.955814713645992,45.98080538198839,5977.850954211723
EEIPU,10,113,-12.955238603767384,75.02251088173765,6052.87346509346
EEIPU,10,114,-12.955238603767384,41.698517097119336,6094.57198219058
EEIPU,10,115,-12.813903409342103,75.52057892781178,6170.092561118391
EEIPU,10,116,-12.813903409342103,43.97235955487712,6214.064920673268
EEIPU,10,117,-12.813903409342103,46.934514409360105,6260.999435082628
EEIPU,10,118,-12.813903409342103,37.05488777584039,6298.054322858468
EEIPU,10,119,-12.813903409342103,55.48005688875527,6353.534379747223
EEIPU,10,120,-12.813903409342103,37.04148457036843,6390.575864317591
EEIPU,10,121,-12.813903409342103,58.95048445953184,6449.526348777124
EEIPU,10,122,-12.806577488863365,75.32122741756416,6524.847576194688
EEIPU,10,123,-12.7567232940524,56.37666687232958,6581.224243067017
EEIPU,10,124,-12.7567232940524,40.18944195890248,6621.413685025919
EEIPU,10,125,-12.7567232940524,76.09607619004346,6697.5097612159625
EEIPU,10,126,-12.666461005711083,56.40946375585364,6753.919224971816
EEIPU,10,127,-12.666217836246968,75.12244854524486,6829.041673517061
EEIPU,10,128,-12.666217836246968,40.57424670954517,6869.615920226606
EEIPU,10,129,-12.666217836246968,74.50337408068518,6944.119294307291
EEIPU,10,130,-12.240260651087858,92.51103290483776,7036.630327212129
EEIPU,10,131,-12.240260651087858,46.58890134522775,7083.2192285573565
EEIPU,10,132,-12.239667763154818,75.26213782253504,7158.481366379891
EEIPU,10,133,-11.620721389326006,76.17020284256182,7234.651569222453
EEIPU,10,134,-11.620721389326006,42.34445958235973,7276.996028804812
EEIPU,10,135,-11.620721389326006,76.99888322470395,7353.994912029516
EEIPU,10,136,-11.587744273434016,76.03355347775437,7430.02846550727
EEIPU,10,137,-11.587744273434016,58.58921153309615,7488.617677040366
EEIPU,10,138,-11.587744273434016,33.92174062925613,7522.539417669623
EEIPU,10,139,-11.587744273434016,35.49660982091348,7558.036027490536
EEIPU,10,140,-11.572854313623356,56.30037380073652,7614.336401291272
EEIPU,10,141,-11.572854313623356,73.86873118720652,7688.205132478479
EEIPU,10,142,-11.572854313623356,55.83671999459538,7744.041852473074
EEIPU,10,143,-11.572854313623356,55.144251312490965,7799.186103785565
EEIPU,10,144,-11.572854313623356,39.89990857517408,7839.086012360739
EEIPU,10,145,-11.572854313623356,39.46231099723319,7878.548323357973
EEIPU,10,146,-11.572854313623356,56.45430862176103,7935.002631979733
EEIPU,10,147,-11.49834367566054,55.42670629312819,7990.429338272862
EEIPU,10,148,-11.49834367566054,39.64794601513525,8030.077284287997
EEIPU,4,0,-18.874812612505117,137.8465405938205,137.8465405938205
EEIPU,4,1,-18.874812612505117,150.96860543555405,288.81514602937455
EEIPU,4,0,-18.874812612505117,137.8465405938205,137.8465405938205
EEIPU,4,1,-18.874812612505117,150.96860543555405,288.81514602937455
EEIPU,4,2,-18.874812612505117,24.96700325527285,313.7821492846474
EEIPU,4,3,-18.87465537387432,31.749536336303684,345.53168562095107
EEIPU,4,4,-18.87465537387432,36.07949618106504,381.6111818020161
EEIPU,4,5,-18.87465537387432,23.390783648014214,405.0019654500304
EEIPU,4,6,-18.87465537387432,118.94990131120755,523.9518667612379
EEIPU,4,7,-18.87465537387432,30.984000992896394,554.9358677541343
EEIPU,4,8,-18.633136932805748,41.93123216315295,596.8670999172872
EEIPU,4,9,-18.633136932805748,143.14179615770882,740.0088960749961
EEIPU,4,10,-18.633136932805748,103.0678251381204,843.0767212131165
EEIPU,4,11,-18.633136932805748,75.19725792781028,918.2739791409268
EEIPU,4,12,-18.633136932805748,23.390783648014214,941.664762788941
EEIPU,4,13,-18.633136932805748,76.63708800407663,1018.3018507930176
EEIPU,4,14,-18.633136932805748,96.7300749966668,1115.0319257896845
EEIPU,4,15,-17.63836461342913,136.4831994995237,1251.515125289208
EEIPU,4,16,-17.191958979635302,40.03652007632852,1291.5516453655366
EEIPU,4,17,-17.191958979635302,100.93665412421714,1392.4882994897537
EEIPU,4,18,-17.191958979635302,124.69139976486156,1517.1796992546151
EEIPU,4,19,-17.191007283725856,48.77780508807568,1565.957504342691
EEIPU,4,20,-17.191007283725856,37.85636781924513,1603.8138721619362
EEIPU,4,21,-17.191007283725856,107.40058512766628,1711.2144572896025
EEIPU,4,22,-17.191007283725856,103.04287683237976,1814.2573341219825
EEIPU,4,23,-17.191007283725856,88.07218922111088,1902.329523343093
EEIPU,4,24,-17.191007283725856,103.90384724519402,2006.233370588287
EEIPU,4,25,-17.191007283725856,128.88308632790293,2135.11645691619
EEIPU,4,26,-16.775117174761114,151.16919035056443,2286.2856472667545
EEIPU,4,27,-16.65033401299939,151.77675843614975,2438.0624057029045
EEIPU,4,28,-16.65033401299939,109.12272146306222,2547.1851271659666
EEIPU,4,29,-16.65033401299939,118.07834054983226,2665.263467715799
EEIPU,4,30,-16.65033401299939,127.77158496632156,2793.0350526821203
EEIPU,4,31,-16.384912697215697,147.54419412948792,2940.5792468116083
EEIPU,4,32,-16.384912697215697,105.7727770096587,3046.352023821267
EEIPU,4,33,-16.384912697215697,130.65441287473269,3177.006436696
EEIPU,4,34,-16.384912697215697,24.39804942502504,3201.4044861210245
EEIPU,4,35,-16.384912697215697,45.3026189363742,3246.7071050573986
EEIPU,4,36,-16.384912697215697,111.86977080697896,3358.5768758643776
EEIPU,4,37,-16.384912697215697,106.9737227987944,3465.550598663172
EEIPU,4,38,-16.384912697215697,133.247328931791,3598.797927594963
EEIPU,4,39,-16.384912697215697,54.0843041287127,3652.882231723675
EEIPU,4,40,-16.349464571736114,117.14732933786738,3770.029561061543
EEIPU,4,41,-16.349464571736114,111.12805462124024,3881.157615682783
EEIPU,4,42,-16.11450158783412,115.54226075915363,3996.699876441936
EEIPU,4,43,-16.106168517407298,114.431430369992,4111.131306811928
EEIPU,4,44,-15.538360537841736,115.17925983605676,4226.310566647985
EEIPU,4,45,-15.50856620727321,133.95443494883963,4360.265001596825
EEIPU,4,46,-15.50856620727321,135.43504619291917,4495.700047789744
EEIPU,4,47,-15.50856620727321,115.32784427659642,4611.02789206634
EEIPU,4,48,-15.50856620727321,154.400085529048,4765.427977595388
EEIPU,4,49,-15.50856620727321,135.4768325993425,4900.904810194731
EEIPU,4,50,-15.000383513528808,109.6900758243296,5010.594886019061
EEIPU,4,51,-15.000383513528808,122.93574505766654,5133.530631076727
EEIPU,4,52,-15.000383513528808,130.61803849043258,5264.14866956716
EEIPU,4,53,-15.000383513528808,50.32826103591381,5314.476930603074
EEIPU,4,54,-15.000383513528808,155.67287710844607,5470.14980771152
EEIPU,4,55,-15.000383513528808,158.43664241301593,5628.586450124536
EEIPU,4,56,-15.000383513528808,66.58676721887628,5695.173217343412
EEIPU,4,57,-15.000383513528808,41.12362430455344,5736.296841647965
EEIPU,4,58,-14.530659059588665,139.09642662865613,5875.393268276622
EEIPU,4,59,-14.530659059588665,154.68829907894323,6030.081567355565
EEIPU,4,60,-14.530659059588665,34.46602298756037,6064.547590343126
EEIPU,4,61,-14.239976143451576,131.47308735581973,6196.020677698946
EEIPU,4,62,-13.742985393821014,116.1129135069208,6312.133591205867
EEIPU,4,63,-13.593866782396614,150.76475320724,6462.898344413106
EEIPU,4,64,-13.593866782396614,122.15890832609728,6585.057252739203
EEIPU,4,65,-13.593866782396614,67.08544318398073,6652.142695923184
EEIPU,4,66,-13.19748260829116,157.39229621954524,6809.53499214273
EEIPU,4,67,-13.19748260829116,176.6728523351893,6986.207844477919
EEIPU,4,68,-13.162140401716847,127.4753324413117,7113.68317691923
EEIPU,4,69,-13.051129642417871,179.77619400753372,7293.459370926764
EEIPU,4,70,-13.051129642417871,174.06583073505664,7467.525201661821
EEIPU,4,71,-13.051129642417871,174.2416104092676,7641.766812071088
EEIPU,4,72,-13.051129642417871,174.05130744180417,7815.818119512892
EEIPU,4,73,-13.051129642417871,178.55029919959213,7994.368418712484
EEIPU,4,74,-12.927306440383006,171.1933919932138,8165.561810705697
EEIPU,3,0,-32.364121595807745,22.00021930438508,22.00021930438508
EEIPU,3,1,-32.364121595807745,19.658823099191306,41.65904240357639
EEIPU,3,2,-32.364121595807745,38.8698714688273,80.52891387240368
EEIPU,3,3,-32.364121595807745,18.036767254786334,98.56568112719
EEIPU,3,4,-32.364121595807745,19.490143445563536,118.05582457275354
EEIPU,3,5,-32.364121595807745,34.78791174410186,152.8437363168554
EEIPU,3,6,-32.364121595807745,34.055148084101056,186.8988844009565
EEIPU,3,7,-32.364121595807745,69.8566804956177,256.7555648965741
EEIPU,3,8,-32.364121595807745,19.490143445563536,276.2457083421377
EEIPU,3,9,-32.364121595807745,19.490143445563536,295.7358517877012
EEIPU,3,10,-32.364121595807745,24.770575945183875,320.5064277328851
EEIPU,3,11,-32.364121595807745,26.614974547321506,347.1214022802065
EEIPU,3,12,-32.364121595807745,37.448129587249305,384.5695318674559
EEIPU,3,13,-32.364121595807745,35.78918414800641,420.3587160154623
EEIPU,3,14,-32.364121595807745,36.94867534352134,457.3073913589837
EEIPU,3,15,-32.364121595807745,87.73905486327511,545.0464462222587
EEIPU,3,16,-32.364121595807745,74.26265719648649,619.3091034187453
EEIPU,3,17,-32.364121595807745,41.884268944519626,661.1933723632649
EEIPU,3,18,-32.364121595807745,87.29687551190219,748.490247875167
EEIPU,3,19,-32.364121595807745,40.13306553500621,788.6233134101733
EEIPU,3,20,-32.364121595807745,61.312231368043655,849.9355447782169
EEIPU,3,21,-32.364121595807745,41.69074911179538,891.6262938900123
EEIPU,3,22,-32.364121595807745,45.091816643900415,936.7181105339127
EEIPU,3,23,-32.364121595807745,40.32015008328102,977.0382606171938
EEIPU,3,24,-32.364121595807745,88.86804868739372,1065.9063093045877
EEIPU,3,25,-32.364121595807745,40.59622427861336,1106.5025335832008
EEIPU,3,26,-32.364121595807745,61.046712848276,1167.5492464314768
EEIPU,3,27,-32.364121595807745,46.60796608168357,1214.1572125131604
EEIPU,3,28,-32.364121595807745,76.4741121048202,1290.631324617981
EEIPU,3,29,-32.364121595807745,39.04397283212613,1329.6752974501069
EEIPU,3,30,-32.364121595807745,89.9907643760775,1419.6660618261844
EEIPU,3,31,-32.364121595807745,39.46059451507149,1459.126656341256
EEIPU,3,32,-32.364121595807745,43.10161051947176,1502.2282668607277
EEIPU,3,33,-32.364121595807745,89.56892534542725,1591.797192206155
EEIPU,3,34,-32.364121595807745,88.48183891760331,1680.2790311237582
EEIPU,3,35,-31.6596580761714,59.53415930026077,1739.813190424019
EEIPU,3,36,-31.6596580761714,26.852412025381035,1766.6656024494
EEIPU,3,37,-31.175411190793746,37.90067462106827,1804.566277070468
EEIPU,3,38,-31.175411190793746,90.31743812985384,1894.883715200322
EEIPU,3,39,-31.175411190793746,60.22134999502916,1955.1050651953512
EEIPU,3,40,-31.175411190793746,62.733829340361154,2017.8388945357124
EEIPU,3,41,-31.175411190793746,89.96564594122358,2107.804540476936
EEIPU,3,42,-31.175411190793746,91.3392755322944,2199.1438160092302
EEIPU,3,43,-31.175411190793746,62.778806616838594,2261.922622626069
EEIPU,3,44,-31.175411190793746,91.63709252129247,2353.559715147361
EEIPU,3,45,-31.175411190793746,61.497620507904,2415.057335655265
EEIPU,3,46,-31.175411190793746,91.80352956826071,2506.8608652235257
EEIPU,3,47,-31.175411190793746,92.00968337649952,2598.8705486000254
EEIPU,3,48,-31.175411190793746,92.47739864661554,2691.347947246641
EEIPU,3,49,-31.175411190793746,92.0877520325078,2783.435699279149
EEIPU,3,50,-29.26046091177529,89.99101599684121,2873.4267152759903
EEIPU,3,51,-29.26046091177529,26.972482459436776,2900.399197735427
EEIPU,3,52,-29.26046091177529,47.295986056647976,2947.695183792075
EEIPU,3,53,-29.26046091177529,38.93800021747023,2986.6331840095454
EEIPU,3,54,-28.8248684301251,95.53894500956036,3082.172129019106
EEIPU,3,55,-28.8248684301251,20.00735823256717,3102.179487251673
EEIPU,3,56,-28.8248684301251,65.66752777671616,3167.8470150283893
EEIPU,3,57,-28.8248684301251,93.63908429178689,3261.486099320176
EEIPU,3,58,-28.8248684301251,95.89387402983763,3357.3799733500136
EEIPU,3,59,-28.501540875152067,46.18083551017799,3403.560808860192
EEIPU,3,60,-28.501540875152067,93.31524055941912,3496.876049419611
EEIPU,3,61,-28.501540875152067,80.42387116212274,3577.2999205817337
EEIPU,3,62,-26.171786137785546,95.63978012010156,3672.939700701835
EEIPU,3,63,-23.256574955624224,96.2628210257954,3769.2025217276314
EEIPU,3,64,-23.256574955624224,41.36628775967632,3810.568809487306
EEIPU,3,65,-23.256574955624224,54.816875229434814,3865.3856847167417
EEIPU,3,66,-23.256574955624224,29.398038381492928,3894.7837230982345
EEIPU,3,67,-18.523470026393262,98.79813525011394,3993.581858348348
EEIPU,3,68,-18.523470026393262,24.482603205277808,4018.064461553626
EEIPU,3,69,-18.523470026393262,43.83644634950616,4061.900907903133
EEIPU,3,70,-18.523470026393262,47.35293905295472,4109.253846956087
EEIPU,3,71,-18.523470026393262,44.99220126044115,4154.246048216528
EEIPU,3,72,-18.523470026393262,47.42499302018459,4201.671041236713
EEIPU,3,73,-18.523470026393262,45.48126739831712,4247.15230863503
EEIPU,3,74,-18.523470026393262,44.95078935766959,4292.103097992699
EEIPU,3,75,-18.523470026393262,33.55416193519394,4325.657259927893
EEIPU,3,76,-18.523470026393262,45.55303455231195,4371.210294480205
EEIPU,3,77,-18.523470026393262,67.71907234761436,4438.92936682782
EEIPU,3,78,-18.32067649882725,49.020758444835664,4487.950125272655
EEIPU,3,79,-16.7829735389355,67.15535607798772,4555.105481350643
EEIPU,3,80,-16.75633565616775,37.07746429491305,4592.182945645555
EEIPU,3,81,-16.75633565616775,31.433300535174343,4623.61624618073
EEIPU,3,82,-14.89934485097303,71.27631919224788,4694.8925653729775
EEIPU,3,83,-14.89934485097303,29.72683798090547,4724.619403353883
EEIPU,3,84,-14.89934485097303,41.209575152574025,4765.828978506457
EEIPU,3,85,-14.885452280550014,33.99298390073065,4799.821962407188
EEIPU,3,86,-14.885452280550014,34.33496994607344,4834.156932353261
EEIPU,3,87,-9.198106613480949,88.36904135268765,4922.525973705949
EEIPU,3,88,-9.191724319065704,47.07111314579043,4969.597086851739
EEIPU,3,89,-9.191724319065704,44.33335068845605,5013.930437540195
EEIPU,3,90,-9.191724319065704,37.54083233060228,5051.471269870797
EEIPU,3,91,-9.18789492006714,38.470539542064266,5089.941809412861
EEIPU,3,92,-7.572871322009218,56.088884097356924,5146.030693510218
EEIPU,3,93,-7.572871322009218,55.12391627303359,5201.154609783252
EEIPU,3,94,-7.572871322009218,56.32593921863668,5257.480549001888
EEIPU,3,95,-6.755744380967769,59.8309131460316,5317.31146214792
EEIPU,3,96,-6.755744380967769,67.17231968148621,5384.483781829406
EEIPU,3,97,-6.755744380967769,51.75265087479835,5436.236432704205
EEIPU,3,98,-6.755744380967769,68.21800634011423,5504.454439044319
EEIPU,3,99,-6.753366771374612,50.86781076715621,5555.322249811475
EEIPU,3,100,-6.752013268539137,51.15297033027039,5606.475220141745
EEIPU,3,101,-6.752013268539137,82.1693882895967,5688.644608431342
EEIPU,3,102,-6.751052816502579,51.4309025020471,5740.0755109333895
EEIPU,3,103,-6.751052816502579,76.65821881773799,5816.733729751128
EEIPU,3,104,-6.751052816502579,72.28573012257166,5889.019459873699
EEIPU,3,105,-6.7481808259860685,82.61028990657192,5971.629749780271
EEIPU,3,106,-6.7481808259860685,58.05210144042088,6029.681851220692
EEIPU,3,107,-6.7481808259860685,44.54015297534139,6074.222004196034
EEIPU,3,108,-6.7481808259860685,45.63211679258436,6119.854120988618
EEIPU,3,109,-6.7481808259860685,68.95407398348674,6188.8081949721045
EEIPU,3,110,-6.7481808259860685,98.82947045296586,6287.637665425071
EEIPU,3,111,-6.7481808259860685,49.86278073148509,6337.500446156556
EEIPU,3,112,-6.7481808259860685,50.18057498497605,6387.681021141532
EEIPU,3,113,-6.7481808259860685,53.50175868791687,6441.182779829449
EEIPU,3,114,-6.747538916439929,49.885004276925685,6491.067784106374
EEIPU,3,115,-6.747060229820118,51.67487279916555,6542.74265690554
EEIPU,3,116,-6.747051381516432,44.89799199764409,6587.640648903183
EEIPU,3,117,-6.747051381516432,67.68068610687257,6655.321335010056
EEIPU,3,118,-6.747051381516432,85.83129004538723,6741.152625055443
EEIPU,3,119,-6.747051381516432,51.13400038387008,6792.286625439314
EEIPU,3,120,-6.747051381516432,106.5319100838057,6898.81853552312
EEIPU,3,121,-6.747051381516432,69.26379117486567,6968.082326697986
EEIPU,3,122,-6.747051381516432,146.03967608863516,7114.122002786621
EEIPU,3,123,-6.747051381516432,71.8297139539018,7185.951716740523
EEIPU,3,124,-6.747051381516432,71.76539100814773,7257.717107748671
EEIPU,3,125,-6.747051381516432,53.60671707358794,7311.323824822259
EEIPU,3,126,-6.747051381516432,103.3688873601586,7414.692712182417
EEIPU,3,127,-6.747051381516432,100.09391191510542,7514.786624097523
EEIPU,3,128,-6.747051381516432,50.86031201589802,7565.64693611342
EEIPU,3,129,-6.747051381516432,104.87498411011345,7670.521920223534
EEIPU,3,130,-6.747051381516432,51.49047914743348,7722.012399370968
EEIPU,3,131,-6.747051381516432,72.93029914697729,7794.942698517945
EEIPU,3,132,-6.584272386432154,91.54873879591324,7886.491437313858
EEIPU,3,133,-6.584272386432154,104.2244945084629,7990.715931822321
EEIPU,3,134,-6.583212388018971,86.70238959876045,8077.418321421082
EEIPU,1,0,-46.41259269926202,18.880226145951173,18.880226145951173
EEIPU,1,1,-46.41259269926202,18.99209696349452,37.87232310944569
EEIPU,1,2,-46.41259269926202,22.389000219660712,60.2613233291064
EEIPU,1,3,-46.41259269926202,19.45790033695014,79.71922366605654
EEIPU,1,4,-46.41259269926202,24.65650946335854,104.37573312941508
EEIPU,1,5,-46.41259269926202,18.51466807176277,122.89040120117784
EEIPU,1,6,-46.41259269926202,18.48334340049565,141.37374460167348
EEIPU,1,7,-46.41259269926202,22.99113850544695,164.36488310712042
EEIPU,1,8,-46.41259269926202,28.454463220128424,192.81934632724884
EEIPU,1,9,-46.41259269926202,22.372849746886946,215.19219607413575
EEIPU,1,10,-46.41259269926202,40.4099037760368,255.60209985017255
EEIPU,1,11,-46.41259269926202,79.9311054491231,335.5332052992957
EEIPU,1,12,-46.41259269926202,18.6611515619242,354.1943568612199
EEIPU,1,13,-46.41259269926202,29.01013748078443,383.2044943420043
EEIPU,1,14,-46.41259269926202,18.481094599226196,401.6855889412305
EEIPU,1,15,-45.08288603799902,29.53098843252556,431.216577373756
EEIPU,1,16,-45.08288603799902,29.35380610833802,460.570383482094
EEIPU,1,17,-45.08288603799902,42.01761614330696,502.587999625401
EEIPU,1,18,-45.08288603799902,84.92431327129698,587.512312896698
EEIPU,1,19,-45.08288603799902,18.48109459922793,605.9934074959259
EEIPU,1,20,-45.08288603799902,30.653718556383147,636.6471260523091
EEIPU,1,21,-45.08288603799902,83.80816623427475,720.4552922865838
EEIPU,1,22,-45.08288603799902,18.48109459922793,738.9363868858118
EEIPU,1,23,-45.08288603799902,39.868712332207615,778.8050992180193
EEIPU,1,24,-45.08288603799902,85.09649940252791,863.9015986205472
EEIPU,1,25,-45.08288603799902,18.48109459922793,882.3826932197752
EEIPU,1,26,-45.08288603799902,38.41265369497823,920.7953469147534
EEIPU,1,27,-45.08288603799902,39.43713042942821,960.2324773441816
EEIPU,1,28,-44.946224815568215,86.51976513658956,1046.7522424807712
EEIPU,1,29,-44.946224815568215,18.48109459922793,1065.233337079999
EEIPU,1,30,-43.76867482209702,58.06440499436193,1123.297742074361
EEIPU,1,31,-43.76867482209702,57.61966711585603,1180.9174091902169
EEIPU,1,32,-43.76867482209702,18.48109459922793,1199.3985037894447
EEIPU,1,33,-43.76867482209702,40.48297814615354,1239.8814819355982
EEIPU,1,34,-43.76867482209702,84.07528309428167,1323.95676502988
EEIPU,1,35,-43.76867482209702,110.23326888101536,1434.1900339108954
EEIPU,1,36,-43.76867482209702,18.48109459922793,1452.6711285101233
EEIPU,1,37,-43.76867482209702,40.72834812129698,1493.3994766314202
EEIPU,1,38,-43.76867482209702,86.6712354718541,1580.0707121032742
EEIPU,1,39,-43.76867482209702,88.04955416023209,1668.1202662635062
EEIPU,1,40,-43.034391997374286,54.44849556631954,1722.5687618298257
EEIPU,1,41,-43.034391997374286,18.63936771823863,1741.2081295480643
EEIPU,1,42,-43.034391997374286,22.30657809362876,1763.5147076416931
EEIPU,1,43,-42.35665710292732,39.59794220662286,1803.112649848316
EEIPU,1,44,-42.35665710292732,84.61852440312369,1887.73117425144
EEIPU,1,45,-42.35665710292732,110.584125959298,1998.3153002107376
EEIPU,1,46,-42.35665710292732,106.77658905794084,2105.091889268678
EEIPU,1,47,-42.06258472509185,132.5558665155558,2237.6477557842345
EEIPU,1,48,-42.06258472509185,82.38067588804095,2320.0284316722755
EEIPU,1,49,-41.845211205381744,83.40037918208236,2403.428810854358
EEIPU,1,50,-33.79833204074804,131.42294777055412,2534.851758624912
EEIPU,1,51,-26.568855299836663,127.85606801165156,2662.707826636564
EEIPU,1,52,-26.568855299836663,24.6332808229694,2687.341107459533
EEIPU,1,53,-26.568855299836663,24.441247642478498,2711.7823551020115
EEIPU,1,54,-26.568855299836663,25.002428016050786,2736.7847831180625
EEIPU,1,55,-25.637671697338178,58.66515790618626,2795.449941024249
EEIPU,1,56,-25.637671697338178,47.50137728608896,2842.9513183103377
EEIPU,1,57,-25.637671697338178,88.78608756991113,2931.737405880249
EEIPU,1,58,-23.486523910535663,121.62688453196404,3053.364290412213
EEIPU,1,59,-23.486523910535663,120.61360262054887,3173.977893032762
EEIPU,1,60,-21.595277315585044,121.1250428176048,3295.102935850367
EEIPU,1,61,-18.99121888612043,119.29267973266724,3414.395615583034
EEIPU,1,62,-18.99121888612043,35.83688615458668,3450.232501737621
EEIPU,1,63,-18.99121888612043,32.994644880580175,3483.227146618201
EEIPU,1,64,-18.99121888612043,47.43972836382024,3530.666874982022
EEIPU,1,65,-18.99121888612043,85.41483856976278,3616.081713551785
EEIPU,1,66,-18.99121888612043,82.75910398879009,3698.840817540575
EEIPU,1,67,-18.99121888612043,85.11052481335355,3783.951342353928
EEIPU,1,68,-18.99121888612043,84.40616668365314,3868.3575090375816
EEIPU,1,69,-18.856091343119427,81.64259317317092,3950.0001022107526
EEIPU,1,70,-18.856091343119427,19.91301076311877,3969.913112973871
EEIPU,1,71,-18.856091343119427,59.53486066878503,4029.447973642656
EEIPU,1,72,-18.856091343119427,82.33904588877527,4111.787019531432
EEIPU,1,73,-18.856091343119427,61.49866287421918,4173.285682405651
EEIPU,1,74,-18.1262720950142,84.8613858961064,4258.147068301757
EEIPU,1,75,-18.1262720950142,51.66150037769178,4309.808568679448
EEIPU,1,76,-18.1262720950142,47.3549344108535,4357.163503090302
EEIPU,1,77,-18.1262720950142,58.34430834453283,4415.507811434834
EEIPU,1,78,-18.1262720950142,76.51894921720773,4492.026760652042
EEIPU,1,79,-18.1262720950142,61.204990886086776,4553.231751538129
EEIPU,1,80,-18.048019498743862,33.37924779994913,4586.610999338079
EEIPU,1,81,-18.048019498743862,77.22940334935845,4663.840402687437
EEIPU,1,82,-17.97066392327862,56.06038428963791,4719.900786977075
EEIPU,1,83,-17.97066392327862,54.17835737888953,4774.079144355965
EEIPU,1,84,-17.97066392327862,54.08657156067732,4828.165715916642
EEIPU,1,85,-17.97066392327862,96.73006963343283,4924.895785550075
EEIPU,1,86,-17.968362945654576,34.620412816919824,4959.516198366995
EEIPU,1,87,-17.75497128015462,56.32692950371076,5015.843127870706
EEIPU,1,88,-17.75497128015462,53.23304543197878,5069.076173302685
EEIPU,1,89,-17.75497128015462,28.499459636474388,5097.575632939159
EEIPU,1,90,-17.75497128015462,99.95673693204824,5197.532369871207
EEIPU,1,91,-17.75497128015462,64.64276527785373,5262.175135149061
EEIPU,1,92,-17.75497128015462,24.3905492059033,5286.565684354964
EEIPU,1,93,-17.75497128015462,82.88820061941603,5369.45388497438
EEIPU,1,94,-17.75497128015462,54.1467376264002,5423.60062260078
EEIPU,1,95,-17.75497128015462,31.10824318998404,5454.708865790764
EEIPU,1,96,-17.75497128015462,80.19930074385579,5534.90816653462
EEIPU,1,97,-17.02704258926739,112.72769522986498,5647.6358617644855
EEIPU,1,98,-17.02704258926739,86.29610165819567,5733.931963422681
EEIPU,1,99,-16.67799612292501,55.59032672753506,5789.522290150217
EEIPU,1,100,-16.67799612292501,99.6101282957805,5889.132418445997
EEIPU,1,101,-16.300288181265604,111.9914946515967,6001.123913097594
EEIPU,1,102,-16.254508310130035,112.35255840838931,6113.476471505983
EEIPU,1,103,-15.89819124416782,111.17665267812411,6224.653124184107
EEIPU,1,104,-15.870344828164209,112.99024231744345,6337.64336650155
EEIPU,1,105,-15.870344828164209,112.29418538377008,6449.93755188532
EEIPU,1,106,-15.659919636931996,112.59473355219887,6562.532285437519
EEIPU,1,107,-15.659919636931996,112.74013089196586,6675.272416329485
EEIPU,1,108,-15.659919636931996,113.55639695043584,6788.828813279921
EEIPU,1,109,-14.675859427138844,114.28742679866104,6903.1162400785815
EEIPU,1,110,-14.336550645933489,110.47675201090624,7013.592992089488
EEIPU,1,111,-14.336550645933489,109.40486543898044,7122.997857528469
EEIPU,1,112,-14.336550645933489,118.48959716154351,7241.487454690012
EEIPU,1,113,-14.336550645933489,115.737753012846,7357.225207702858
EEIPU,1,114,-14.008679304997315,109.2804360443017,7466.505643747159
EEIPU,1,115,-13.950500414681647,111.09572723316116,7577.601370980321
EEIPU,1,116,-13.228167155057092,109.04102251736144,7686.642393497683
EEIPU,1,117,-13.228167155057092,108.76115964590892,7795.403553143592
EEIPU,1,118,-13.020351933347577,109.53698521157916,7904.940538355171
EEIPU,1,119,-12.40277323280968,110.3416646527522,8015.282203007923
EEIPU,7,0,-26.29963495304115,20.54475098371824,20.54475098371824
EEIPU,7,1,-26.29963495304115,20.93955875424581,41.48430973796405
EEIPU,7,2,-26.29963495304115,19.339113248563297,60.82342298652735
EEIPU,7,3,-26.29963495304115,19.731749269442627,80.55517225596998
EEIPU,7,4,-26.29963495304115,26.55300930371717,107.10818155968715
EEIPU,7,5,-26.29963495304115,31.228804101944807,138.33698566163196
EEIPU,7,6,-26.29963495304115,29.745655145528254,168.0826408071602
EEIPU,7,7,-26.29963495304115,33.427388871481284,201.5100296786415
EEIPU,7,8,-26.29963495304115,19.329357419504845,220.83938709814635
EEIPU,7,9,-26.29963495304115,28.32235673273628,249.1617438308826
EEIPU,7,10,-26.29963495304115,33.911446635693885,283.0731904665765
EEIPU,7,11,-26.29963495304115,33.651709053049586,316.7248995196261
EEIPU,7,12,-26.29963495304115,28.0815971479364,344.8064966675625
EEIPU,7,13,-26.29963495304115,34.70580250316691,379.5122991707294
EEIPU,7,14,-26.29963495304115,32.8225976095052,412.3348967802346
EEIPU,7,15,-26.29963495304115,40.601542652593615,452.9364394328282
EEIPU,7,16,-26.29963495304115,40.14502697400306,493.0814664068313
EEIPU,7,17,-26.29963495304115,43.22259587877484,536.3040622856062
EEIPU,7,18,-26.29963495304115,33.630109924084735,569.9341722096909
EEIPU,7,19,-26.29963495304115,53.38908920317967,623.3232614128706
EEIPU,7,20,-26.29963495304115,41.00818322280759,664.3314446356782
EEIPU,7,21,-26.29963495304115,44.9675130445591,709.2989576802372
EEIPU,7,22,-26.29963495304115,35.29604044078759,744.5949981210248
EEIPU,7,23,-26.29963495304115,19.565174898161008,764.1601730191858
EEIPU,7,24,-26.29963495304115,35.34345734415003,799.5036303633358
EEIPU,7,25,-26.29963495304115,51.41992847794462,850.9235588412804
EEIPU,7,26,-26.29963495304115,41.7242143260197,892.6477731673001
EEIPU,7,27,-26.29963495304115,56.00041823870987,948.64819140601
EEIPU,7,28,-26.29963495304115,36.7677195804831,985.4159109864931
EEIPU,7,29,-26.29963495304115,51.97373146607905,1037.3896424525722
EEIPU,7,30,-26.29963495304115,37.86889591605872,1075.258538368631
EEIPU,7,31,-26.29963495304115,38.84263302818503,1114.101171396816
EEIPU,7,32,-26.29963495304115,36.72834386414095,1150.829515260957
EEIPU,7,33,-26.29963495304115,40.06442111995239,1190.8939363809093
EEIPU,7,34,-26.29963495304115,40.83724479193102,1231.7311811728405
EEIPU,7,35,-26.29963495304115,48.96204074444233,1280.6932219172825
EEIPU,7,36,-26.29963495304115,19.339113248563297,1300.0323351658458
EEIPU,7,37,-26.29963495304115,52.12450993688424,1352.15684510273
EEIPU,7,38,-26.29963495304115,57.252651485654,1409.4094965883842
EEIPU,7,39,-26.29963495304115,56.71725069400809,1466.1267472823922
EEIPU,7,40,-26.29963495304115,43.69971529885239,1509.8264625812446
EEIPU,7,41,-26.29963495304115,50.15886804165434,1559.985330622899
EEIPU,7,42,-26.29963495304115,58.74997273812664,1618.7353033610257
EEIPU,7,43,-26.29963495304115,65.41034523145296,1684.145648592479
EEIPU,7,44,-26.29963495304115,57.758374094551,1741.9040226870295
EEIPU,7,45,-26.29963495304115,44.06054103070085,1785.9645637177305
EEIPU,7,46,-26.29963495304115,87.01713527297511,1872.9816989907056
EEIPU,7,47,-26.29963495304115,62.50868302526895,1935.4903820159743
EEIPU,7,48,-26.29963495304115,59.31179279076072,1994.8021748067356
EEIPU,7,49,-26.29963495304115,58.87031938668323,2053.6724941934185
EEIPU,7,50,-26.29963495304115,113.9089292256878,2167.581423419106
EEIPU,7,51,-26.29963495304115,89.99211274778827,2257.5735361668944
EEIPU,7,52,-26.29963495304115,45.30612381240262,2302.879659979297
EEIPU,7,53,-22.498151958877813,122.03787673826596,2424.917536717563
EEIPU,7,54,-22.498151958877813,19.339113248563297,2444.256649966126
EEIPU,7,55,-22.498151958877813,39.020359379422445,2483.277009345549
EEIPU,7,56,-22.498151958877813,39.55355602641384,2522.8305653719626
EEIPU,7,57,-22.498151958877813,122.85555947095708,2645.6861248429195
EEIPU,7,58,-8.42867699204375,116.47066359800634,2762.156788440926
EEIPU,7,59,-6.278891424049037,114.28282322501872,2876.4396116659445
EEIPU,7,60,-6.278891424049037,19.700619449672622,2896.140231115617
EEIPU,7,61,-5.972935575119678,32.5569276418898,2928.6971587575067
EEIPU,7,62,-5.972935575119678,43.886994799644405,2972.5841535571512
EEIPU,7,63,-5.972935575119678,45.64751862671747,3018.231672183869
EEIPU,7,64,-5.972935575119678,115.4039355946466,3133.635607778516
EEIPU,7,65,-5.972935575119678,112.5571760349518,3246.192783813467
EEIPU,7,66,-5.972935575119678,116.9396086477381,3363.132392461205
EEIPU,7,67,-5.972935575119678,62.12720235174642,3425.2595948129515
EEIPU,7,68,-5.972935575119678,41.46837182432932,3466.7279666372806
EEIPU,7,69,-5.972935575119678,116.8881976366509,3583.616164273932
EEIPU,7,70,-5.972935575119678,115.90099073043756,3699.517155004369
EEIPU,7,71,-5.972935575119678,115.71975253680228,3815.236907541172
EEIPU,7,72,-5.972935575119678,44.17814049958319,3859.4150480407543
EEIPU,7,73,-5.754839598857799,44.86293034030761,3904.2779783810624
EEIPU,7,74,-5.754839598857799,60.36909150056853,3964.647069881631
EEIPU,7,75,-5.754839598857799,44.28504822305092,4008.932118104682
EEIPU,7,76,-5.754839598857799,117.22275324670008,4126.154871351382
EEIPU,7,77,-5.754839598857799,115.5349225248114,4241.689793876193
EEIPU,7,78,-5.754839598857799,59.85083599486248,4301.540629871056
EEIPU,7,79,-5.754839598857799,114.35768640625372,4415.898316277309
EEIPU,7,80,-5.754839598857799,118.19531796486368,4534.093634242173
EEIPU,7,81,-5.7452819154816925,59.53293423316369,4593.626568475336
EEIPU,7,82,-5.7452819154816925,114.1421195142303,4707.768687989566
EEIPU,7,83,-4.996297484464664,115.57376730449528,4823.342455294061
EEIPU,7,84,-4.996297484464664,114.91381137773162,4938.256266671793
EEIPU,7,85,-4.996297484464664,85.50676693256622,5023.763033604359
EEIPU,7,86,-4.996297484464664,116.44763615011028,5140.21066975447
EEIPU,7,87,-4.865271885826402,115.16035643508104,5255.37102618955
EEIPU,7,88,-4.865271885826402,114.2355695694112,5369.606595758962
EEIPU,7,89,-4.865271885826402,114.85792127994954,5484.464517038911
EEIPU,7,90,-4.865271885826402,29.999471624438097,5514.4639886633495
EEIPU,7,91,-4.865271885826402,114.54563334766442,5629.009622011014
EEIPU,7,92,-4.865271885826402,115.530332879854,5744.539954890867
EEIPU,7,93,-4.865271885826402,123.32475339463278,5867.8647082855
EEIPU,7,94,-4.865271885826402,118.4302031448769,5986.2949114303765
EEIPU,7,95,-4.865271885826402,49.27661159311992,6035.571523023496
EEIPU,7,96,-4.865271885826402,120.42780812122444,6155.999331144721
EEIPU,7,97,-4.865271885826402,120.27300421769324,6276.272335362414
EEIPU,7,98,-4.865271885826402,121.30545095432664,6397.5777863167405
EEIPU,7,99,-4.865271885826402,38.74085062968459,6436.318636946425
EEIPU,7,100,-4.208976485829794,120.80892852255022,6557.127565468975
EEIPU,7,101,-4.208976485829794,118.55279722603646,6675.680362695011
EEIPU,7,102,-4.208976485829794,119.50462817369632,6795.184990868707
EEIPU,7,103,-4.208976485829794,120.48203225238744,6915.667023121095
EEIPU,7,104,-4.14476231062905,117.2241240658514,7032.891147186946
EEIPU,7,105,-4.14476231062905,117.80101502549736,7150.692162212444
EEIPU,7,106,-4.14476231062905,119.66377748059284,7270.355939693037
EEIPU,7,107,-3.644844167556328,118.96022800372828,7389.316167696765
EEIPU,7,108,-3.644844167556328,123.56102547068228,7512.877193167447
EEIPU,7,109,-3.644844167556328,121.79339441190874,7634.670587579356
EEIPU,7,110,-3.644844167556328,124.0411828276341,7758.71177040699
EEIPU,7,111,-3.644844167556328,122.3931639348607,7881.104934341851
EEIPU,7,112,-3.644844167556328,121.21537034153214,8002.320304683383
EEIPU,5,0,-33.845754441619746,19.2140666185914,19.2140666185914
EEIPU,5,1,-33.845754441619746,19.2140666185914,38.4281332371828
EEIPU,5,2,-33.845754441619746,19.214066618394828,57.64219985557763
EEIPU,5,3,-33.845754441619746,19.21406481304447,76.8562646686221
EEIPU,5,4,-33.845754441619746,19.2140666185914,96.0703312872135
EEIPU,5,5,-33.845754441619746,34.610240110178665,130.68057139739216
EEIPU,5,6,-33.845754441619746,34.866655697197054,165.5472270945892
EEIPU,5,7,-33.845754441619746,106.4119514589153,271.9591785535045
EEIPU,5,8,-33.845754441619746,19.2140666185914,291.1732451720959
EEIPU,5,9,-33.845754441619746,26.32646450394596,317.49970967604185
EEIPU,5,10,-33.845754441619746,27.474447520452127,344.974157196494
EEIPU,5,11,-33.845754441619746,48.67603643283647,393.6501936293305
EEIPU,5,12,-33.845754441619746,19.21406481304447,412.8642584423749
EEIPU,5,13,-33.845754441619746,100.20920852061666,513.0734669629916
EEIPU,5,14,-27.531276069373625,19.2140666185914,532.2875335815829
EEIPU,5,15,-24.85798328648624,22.845447139390917,555.1329807209738
EEIPU,5,16,-24.85798328648624,25.03652411886216,580.169504839836
EEIPU,5,17,-23.889830642470187,30.680382862088365,610.8498877019243
EEIPU,5,18,-23.889830642470187,53.14560950836624,663.9954972102905
EEIPU,5,19,-23.68490600427756,33.56073560042331,697.5562328107138
EEIPU,5,20,-23.52738630248941,33.337503577553335,730.8937363882671
EEIPU,5,21,-23.52738630248941,56.398374235200045,787.2921106234672
EEIPU,5,22,-23.52738630248941,59.86162201139056,847.1537326348578
EEIPU,5,23,-23.52738630248941,111.62007227323168,958.7738049080896
EEIPU,5,24,-23.52738630248941,47.56968821829413,1006.3434931263836
EEIPU,5,25,-23.52738630248941,71.44223622622266,1077.7857293526065
EEIPU,5,26,-22.20504680481495,112.62078973799254,1190.4065190905987
EEIPU,5,27,-22.20504680481495,88.81678301938659,1279.2233021099853
EEIPU,5,28,-22.20504680481495,113.96243628617,1393.185738396155
EEIPU,5,29,-22.20504680481495,74.24837741828952,1467.4341158144448
EEIPU,5,30,-22.20504680481495,55.58262594407566,1523.0167417585203
EEIPU,5,31,-22.20504680481495,59.14111715141533,1582.1578589099358
EEIPU,5,32,-22.20504680481495,114.68824504938505,1696.8461039593208
EEIPU,5,33,-21.23851820167572,50.62894722465758,1747.4750511839784
EEIPU,5,34,-21.23851820167572,69.84248056221342,1817.317531746192
EEIPU,5,35,-21.23851820167572,89.09708326745023,1906.414615013642
EEIPU,5,36,-21.23851820167572,107.1925049300747,2013.6071199437167
EEIPU,5,37,-20.764015425944763,106.4606087130812,2120.067728656798
EEIPU,5,38,-20.764015425944763,69.25040762384799,2189.318136280646
EEIPU,5,39,-20.764015425944763,69.71248370825572,2259.030619988901
EEIPU,5,40,-20.31850195581321,106.10388561716812,2365.134505606069
EEIPU,5,41,-20.31850195581321,108.00183502216883,2473.1363406282385
EEIPU,5,42,-20.31850195581321,69.75973502188221,2542.896075650121
EEIPU,5,43,-20.31850195581321,105.93605612887931,2648.832131779
EEIPU,5,44,-20.31850195581321,70.36333209820391,2719.195463877204
EEIPU,5,45,-20.31850195581321,107.50918573382548,2826.7046496110297
EEIPU,5,46,-20.31850195581321,107.23148852030224,2933.936138131332
EEIPU,5,47,-20.31850195581321,108.51603398515208,3042.452172116484
EEIPU,5,48,-20.248249988636037,107.41144028583574,3149.86361240232
EEIPU,5,49,-20.248249988636037,108.83812300694017,3258.7017354092604
EEIPU,5,50,-20.248249988636037,20.371047604388615,3279.072783013649
EEIPU,5,51,-20.248249988636037,97.26537739392704,3376.338160407576
EEIPU,5,52,-20.248249988636037,31.63804260836784,3407.976203015944
EEIPU,5,53,-17.677310009125634,97.40082010940844,3505.377023125352
EEIPU,5,54,-16.793778227568552,44.0255607753035,3549.402583900656
EEIPU,5,55,-11.859155368442744,64.52154830922188,3613.924132209877
EEIPU,5,56,-9.15335754492402,102.405425916456,3716.329558126333
EEIPU,5,57,-9.15335754492402,23.47499423809393,3739.8045523644273
EEIPU,5,58,-9.011039829189166,39.73615264672476,3779.540705011152
EEIPU,5,59,-8.148469239772599,62.60967323121983,3842.150378242372
EEIPU,5,60,-5.97683275722445,81.37704147569258,3923.5274197180647
EEIPU,5,61,-5.97683275722445,65.08023003542948,3988.607649753494
EEIPU,5,62,-5.97683275722445,104.9171095313212,4093.524759284816
EEIPU,5,63,-5.944730959226851,100.83217577183684,4194.356935056652
EEIPU,5,64,-5.944730959226851,100.06667820459404,4294.423613261246
EEIPU,5,65,-4.468617896598335,100.80333169402276,4395.226944955269
EEIPU,5,66,-4.468617896598335,20.78585450949613,4416.012799464765
EEIPU,5,67,-4.468617896598335,96.06228660529564,4512.07508607006
EEIPU,5,68,-4.468617896598335,42.577102925993074,4554.652188996053
EEIPU,5,69,-4.468617896598335,98.15405598880392,4652.806244984857
EEIPU,5,70,-4.468617896598335,96.95599282799223,4749.762237812849
EEIPU,5,71,-4.468617896598335,97.01273869608238,4846.774976508931
EEIPU,5,72,-4.459359578598239,64.08519113055574,4910.860167639487
EEIPU,5,73,-4.106493754435499,78.92752567942836,4989.7876933189145
EEIPU,5,74,-4.106493754435499,99.0854011753036,5088.873094494218
EEIPU,5,75,-4.106493754435499,46.9650074497169,5135.838101943935
EEIPU,5,76,-4.106493754435499,96.83558446746444,5232.673686411399
EEIPU,5,77,-4.106493754435499,98.25965086658978,5330.933337277989
EEIPU,5,78,-3.481241856673725,63.023335361932766,5393.956672639922
EEIPU,5,79,-3.481241856673725,98.98559193112428,5492.942264571046
EEIPU,5,80,-3.481241856673725,99.20361347727292,5592.145878048318
EEIPU,5,81,-3.481241856673725,98.61975225017432,5690.765630298492
EEIPU,5,82,-3.1148924216855955,100.4060210499191,5791.171651348412
EEIPU,5,83,-3.1148924216855955,97.69547413169276,5888.867125480105
EEIPU,5,84,-3.1148924216855955,99.06611426424956,5987.933239744354
EEIPU,5,85,-3.1148924216855955,101.56611956737515,6089.499359311729
EEIPU,5,86,-3.1148924216855955,98.79827495797852,6188.297634269708
EEIPU,5,87,-3.1148924216855955,96.61731648022445,6284.914950749932
EEIPU,5,88,-3.1148924216855955,34.76791642980853,6319.682867179741
EEIPU,5,89,-3.1148924216855955,98.2743509785194,6417.957218158261
EEIPU,5,90,-3.1148924216855955,98.96518341031796,6516.922401568579
EEIPU,5,91,-3.1148924216855955,99.9548420567174,6616.877243625296
EEIPU,5,92,-3.1148924216855955,100.85470626917464,6717.731949894471
EEIPU,5,93,-3.1148924216855955,97.47242749654636,6815.204377391017
EEIPU,5,94,-3.1148924216855955,96.9426754724236,6912.147052863441
EEIPU,5,95,-2.8889216549358148,98.80246635583194,7010.949519219273
EEIPU,5,96,-2.8889216549358148,33.835822699042296,7044.785341918315
EEIPU,5,97,-2.8889216549358148,109.341790423102,7154.127132341417
EEIPU,5,98,-2.8889216549358148,104.59240409431602,7258.719536435733
EEIPU,5,99,-2.8889216549358148,104.25800504758016,7362.977541483313
EEIPU,5,100,-2.8889216549358148,105.42401761019076,7468.401559093504
EEIPU,5,101,-2.8889216549358148,109.22744716133636,7577.62900625484
EEIPU,5,102,-2.8889216549358148,103.8388097257702,7681.467815980611
EEIPU,5,103,-2.8889216549358148,99.25408597023892,7780.721901950849
EEIPU,5,104,-2.8889216549358148,100.99233467042174,7881.714236621271
EEIPU,5,105,-2.8889216549358148,121.82920316740876,8003.54343978868
EEIPU,2,0,-44.38605008899109,23.59669246094557,23.59669246094557
EEIPU,2,1,-44.38605008899109,23.046237369388237,46.6429298303338
EEIPU,2,2,-44.38605008899109,22.708051153562145,69.35098098389594
EEIPU,2,3,-44.38605008899109,22.68845766726728,92.0394386511632
EEIPU,2,4,-44.38605008899109,23.71413995283425,115.75357860399744
EEIPU,2,5,-44.38605008899109,32.51871213192145,148.2722907359189
EEIPU,2,6,-44.38605008899109,30.478731128919925,178.7510218648388
EEIPU,2,7,-44.38605008899109,30.3041180949004,209.0551399597392
EEIPU,2,8,-44.38605008899109,35.73350551245388,244.78864547219308
EEIPU,2,9,-44.38605008899109,42.7650784967529,287.553723968946
EEIPU,2,10,-44.38605008899109,39.43717686558922,326.9909008345352
EEIPU,2,11,-44.38605008899109,23.7082600944743,350.6991609290095
EEIPU,2,12,-44.38605008899109,36.09885019451599,386.7980111235255
EEIPU,2,13,-44.38605008899109,38.39348513307007,425.19149625659554
EEIPU,2,14,-44.38605008899109,22.764114808817965,447.9556110654135
EEIPU,2,15,-44.38605008899109,28.40884997243484,476.36446103784834
EEIPU,2,16,-44.38605008899109,36.29980076307411,512.6642618009224
EEIPU,2,17,-44.38605008899109,37.80777924392368,550.4720410448462
EEIPU,2,18,-44.38605008899109,22.68845767061141,573.1604987154576
EEIPU,2,19,-44.38605008899109,22.60979212766984,595.7702908431274
EEIPU,2,20,-44.38605008899109,39.52626088478445,635.296551727912
EEIPU,2,21,-44.38605008899109,22.688457670611754,657.9850093985237
EEIPU,2,22,-44.38605008899109,32.83419721079735,690.8192066093211
EEIPU,2,23,-44.38605008899109,39.88337182311326,730.7025784324344
EEIPU,2,24,-44.38605008899109,22.688457670611747,753.3910361030462
EEIPU,2,25,-44.24691565173064,35.82418076002357,789.2152168630697
EEIPU,2,26,-44.24691565173064,71.22272133042723,860.437938193497
EEIPU,2,27,-44.24691565173064,22.688457670611747,883.1263958641088
EEIPU,2,28,-44.24691565173064,58.01154154454497,941.1379374086536
EEIPU,2,29,-44.24691565173064,22.688457670611754,963.8263950792656
EEIPU,2,30,-44.24691565173064,41.73806165445626,1005.5644567337216
EEIPU,2,31,-44.24691565173064,23.071749499349806,1028.6362062330716
EEIPU,2,32,-44.24691565173064,43.73493777929384,1072.3711440123654
EEIPU,2,33,-44.24691565173064,23.087119413634618,1095.458263426
EEIPU,2,34,-44.24691565173064,29.018375199833127,1124.4766386258332
EEIPU,2,35,-44.24691565173064,40.77017271204445,1165.2468113378775
EEIPU,2,36,-44.24691565173064,51.68433789551713,1216.9311492333948
EEIPU,2,37,-44.24691565173064,22.688457670611708,1239.6196069040066
EEIPU,2,38,-44.24691565173064,42.40834475631683,1282.0279516603234
EEIPU,2,39,-44.24691565173064,22.68845767061155,1304.716409330935
EEIPU,2,40,-44.24691565173064,44.409611513750406,1349.1260208446854
EEIPU,2,41,-44.24691565173064,22.688457670611747,1371.8144785152972
EEIPU,2,42,-40.451775516193216,79.41502062781778,1451.229499143115
EEIPU,2,43,-40.451775516193216,22.688457670611754,1473.9179568137267
EEIPU,2,44,-40.451775516193216,33.65886527085948,1507.5768220845862
EEIPU,2,45,-40.451775516193216,22.688457670611747,1530.265279755198
EEIPU,2,46,-40.451775516193216,22.688457670611754,1552.9537374258098
EEIPU,2,47,-40.451775516193216,22.60979212766984,1575.5635295534796
EEIPU,2,48,-40.451775516193216,52.478648430051535,1628.0421779835312
EEIPU,2,49,-40.451775516193216,22.688457670611754,1650.730635654143
EEIPU,2,50,-40.451775516193216,65.16171113765881,1715.892346791802
EEIPU,2,51,-40.451775516193216,22.688457670611754,1738.5808044624137
EEIPU,2,52,-40.451775516193216,37.8177410154828,1776.3985454778965
EEIPU,2,53,-40.451775516193216,22.688457670611754,1799.0870031485083
EEIPU,2,54,-40.451775516193216,51.164429228930274,1850.2514323774385
EEIPU,2,55,-40.451775516193216,22.688457670611754,1872.9398900480503
EEIPU,2,56,-32.96643875610336,52.0867993702124,1925.0266894182628
EEIPU,2,57,-32.96643875610336,22.688457670611754,1947.7151470888743
EEIPU,2,58,-31.421891968569422,42.13143233487407,1989.8465794237488
EEIPU,2,59,-31.421891968569422,42.53604088338884,2032.3826203071371
EEIPU,2,60,-31.421891968569422,53.01815085955855,2085.400771166696
EEIPU,2,61,-31.421891968569422,22.688457670611754,2108.0892288373075
EEIPU,2,62,-31.421891968569422,40.02659196652182,2148.115820803829
EEIPU,2,63,-31.421891968569422,23.21044246348117,2171.3262632673104
EEIPU,2,64,-30.35696212778442,82.30426628749002,2253.6305295548004
EEIPU,2,65,-30.35696212778442,22.841282218307413,2276.471811773108
EEIPU,2,66,-30.35696212778442,81.30190974895251,2357.77372152206
EEIPU,2,67,-30.35696212778442,22.88137760553977,2380.6550991276
EEIPU,2,68,-30.35696212778442,79.63370172342411,2460.288800851024
EEIPU,2,69,-30.35696212778442,22.93245327283646,2483.2212541238605
EEIPU,2,70,-29.372723821174887,61.42604317109695,2544.6472972949573
EEIPU,2,71,-29.200914875120034,54.056127995480125,2598.7034252904373
EEIPU,2,72,-29.200914875120034,22.9545194616568,2621.657944752094
EEIPU,2,73,-29.200914875120034,70.48675755343017,2692.1447023055243
EEIPU,2,74,-29.200914875120034,23.021430661939995,2715.1661329674644
EEIPU,2,75,-29.200914875120034,80.65326442965525,2795.81939739712
EEIPU,2,76,-29.200914875120034,81.65719317650013,2877.47659057362
EEIPU,2,77,-29.200914875120034,23.04075348539147,2900.5173440590115
EEIPU,2,78,-24.385567121470505,82.25100034820912,2982.768344407221
EEIPU,2,79,-24.385567121470505,23.386957656065608,3006.1553020632864
EEIPU,2,80,-24.385567121470505,55.36483749610492,3061.5201395593917
EEIPU,2,81,-24.385567121470505,22.946970152803303,3084.4671097121945
EEIPU,2,82,-22.72320088651305,84.3811758790173,3168.848285591212
EEIPU,2,83,-22.72320088651305,23.80945895851992,3192.657744549732
EEIPU,2,84,-22.72320088651305,73.32780300257716,3265.985547552309
EEIPU,2,85,-22.72320088651305,83.77789801302882,3349.763445565338
EEIPU,2,86,-19.193832228758797,84.48851114459721,3434.2519567099357
EEIPU,2,87,-19.193832228758797,35.56084565865831,3469.8128023685936
EEIPU,2,88,-19.193832228758797,40.76715419323215,3510.579956561826
EEIPU,2,89,-18.96927119853285,87.00973089412747,3597.589687455953
EEIPU,2,90,-18.96927119853285,84.03465633961312,3681.624343795567
EEIPU,2,91,-18.73264749036277,85.01131492171427,3766.635658717281
EEIPU,2,92,-17.041639975818732,36.84054576049006,3803.476204477771
EEIPU,2,93,-15.330311771046745,41.069036894071736,3844.5452413718426
EEIPU,2,94,-13.033773250813956,90.0571752108338,3934.6024165826766
EEIPU,2,95,-13.033773250813956,42.26335251089209,3976.865769093569
EEIPU,2,96,-11.523191348800886,86.16613105867316,4063.031900152242
EEIPU,2,97,-11.523191348800886,25.285238315436484,4088.3171384676784
EEIPU,2,98,-11.523191348800886,95.5856266910824,4183.902765158761
EEIPU,2,99,-11.523191348800886,99.56470287208695,4283.467468030848
EEIPU,2,100,-11.383436786452911,90.94100820289135,4374.40847623374
EEIPU,2,101,-10.310885254183926,95.7685568294788,4470.177033063219
EEIPU,2,102,-10.107991137120122,95.08008957981129,4565.25712264303
EEIPU,2,103,-9.801457206140231,98.49129060639432,4663.748413249425
EEIPU,2,104,-9.801457206140231,100.05096119619944,4763.799374445624
EEIPU,2,105,-8.803771813081969,100.46866132739,4864.268035773014
EEIPU,2,106,-8.531135276482766,103.25211914851153,4967.520154921525
EEIPU,2,107,-8.531135276482766,103.90216654923329,5071.422321470759
EEIPU,2,108,-8.073961394114729,105.22253778276776,5176.644859253527
EEIPU,2,109,-8.073961394114729,106.2194446459416,5282.864303899469
EEIPU,2,110,-8.073961394114729,105.82297298667623,5388.687276886145
EEIPU,2,111,-8.073961394114729,107.30753495452616,5495.994811840671
EEIPU,2,112,-8.073961394114729,104.84610707813748,5600.840918918809
EEIPU,2,113,-8.003866149304608,105.7529203578409,5706.593839276649
EEIPU,2,114,-7.885113303240729,106.75582630350183,5813.349665580151
EEIPU,2,115,-7.487661858053018,107.76198286121344,5921.111648441364
EEIPU,2,116,-7.409510474959333,107.23390474493904,6028.345553186303
EEIPU,2,117,-7.409510474959333,109.56958989901229,6137.915143085315
EEIPU,2,118,-7.409510474959333,39.25692370208164,6177.172066787397
EEIPU,2,119,-7.169210582421351,108.75116793168765,6285.923234719085
EEIPU,2,120,-6.290351569877565,112.35766978052683,6398.280904499611
EEIPU,2,121,-6.290351569877565,99.0702677976394,6497.351172297251
EEIPU,2,122,-6.290351569877565,24.563801101679918,6521.914973398931
EEIPU,2,123,-6.290351569877565,108.53462062309036,6630.449594022021
EEIPU,2,124,-6.290351569877565,106.68316336195106,6737.132757383973
EEIPU,2,125,-6.290351569877565,114.82672673279598,6851.959484116768
EEIPU,2,126,-6.290351569877565,116.49959394426898,6968.459078061037
EEIPU,2,127,-6.290351569877565,115.4092408134816,7083.868318874519
EEIPU,2,128,-6.290351569877565,123.28480380565412,7207.153122680173
EEIPU,2,129,-6.290351569877565,120.86941249344524,7328.022535173619
EEIPU,2,130,-6.290351569877565,114.4431025077943,7442.465637681414
EEIPU,2,131,-6.290351569877565,122.86969120917124,7565.335328890585
EEIPU,2,132,-6.290351569877565,121.78159911291702,7687.116928003502
EEIPU,2,133,-6.290351569877565,120.33320144081998,7807.450129444322
EEIPU,2,134,-6.290351569877565,119.29890029922667,7926.749029743548
EEIPU,2,135,-6.290351569877565,122.2689453449209,8049.017975088469
EEIPU,6,0,-23.053018683448897,22.17490701329014,22.17490701329014
EEIPU,6,1,-23.053018683448897,18.97784247659293,41.15274948988307
EEIPU,6,2,-19.763144076176744,19.15702162910511,60.30977111898818
EEIPU,6,3,-17.284978580162832,21.121525315097383,81.43129643408557
EEIPU,6,4,-17.284978580162832,22.96593328153325,104.3972297156188
EEIPU,6,5,-17.284978580162832,37.88293171708057,142.28016143269937
EEIPU,6,6,-17.284978580162832,23.060859087799574,165.34102052049894
EEIPU,6,7,-17.14395048972773,27.397045300412564,192.73806582091152
EEIPU,6,8,-17.14395048972773,39.028191002735184,231.7662568236467
EEIPU,6,9,-17.14395048972773,37.34726127951998,269.11351810316665
EEIPU,6,10,-17.14395048972773,29.859389745983503,298.97290784915015
EEIPU,6,11,-17.097906002653687,39.48688007613392,338.45978792528405
EEIPU,6,12,-17.097906002653687,38.0393131972187,376.49910112250274
EEIPU,6,13,-15.63209434650812,26.06755267161909,402.5666537941218
EEIPU,6,14,-15.63209434650812,38.84685752920517,441.413511323327
EEIPU,6,15,-15.63209434650812,39.19315478132359,480.60666610465057
EEIPU,6,16,-15.51717181905182,80.7088318240437,561.3154979286943
EEIPU,6,17,-15.175479381649414,36.59122949759029,597.9067274262845
EEIPU,6,18,-15.175479381649414,66.1952882236931,664.1020156499776
EEIPU,6,19,-15.175479381649414,36.21835454741195,700.3203701973896
EEIPU,6,20,-15.175479381649414,63.49219027664074,763.8125604740303
EEIPU,6,21,-15.175479381649414,43.1833216667734,806.9958821408037
EEIPU,6,22,-15.175479381649414,64.45809537471486,871.4539775155185
EEIPU,6,23,-15.175479381649414,47.863558716779465,919.317536232298
EEIPU,6,24,-15.175479381649414,30.115122057765028,949.432658290063
EEIPU,6,25,-15.175479381649414,64.442887949449,1013.875546239512
EEIPU,6,26,-14.613684424325928,64.28357240050262,1078.1591186400146
EEIPU,6,27,-14.612719654476384,37.07635434787623,1115.235472987891
EEIPU,6,28,-14.612719654476384,65.53498750918439,1180.7704604970754
EEIPU,6,29,-14.53273250683567,70.04239273243198,1250.8128532295077
EEIPU,6,30,-14.076930332289953,65.61240508727462,1316.4252583167822
EEIPU,6,31,-14.076930332289953,48.64319327603463,1365.068451592817
EEIPU,6,32,-13.913265171892604,36.66243091785167,1401.7308825106686
EEIPU,6,33,-13.913265171892604,40.27099928114928,1442.0018817918178
EEIPU,6,34,-13.770805156646896,72.82190479884503,1514.8237865906628
EEIPU,6,35,-12.604558688002063,67.26626208163177,1582.0900486722946
EEIPU,6,36,-12.50361560627686,36.00709070898894,1618.0971393812836
EEIPU,6,37,-12.50361560627686,72.07407173850672,1690.1712111197903
EEIPU,6,38,-12.50361560627686,40.589614116233015,1730.7608252360233
EEIPU,6,39,-12.50361560627686,67.4705393885784,1798.2313646246016
EEIPU,6,40,-12.50361560627686,69.22612204620278,1867.4574866708044
EEIPU,6,41,-12.50361560627686,50.73041879075704,1918.1879054615613
EEIPU,6,42,-12.380970530546389,53.53565483543814,1971.723560297
EEIPU,6,43,-12.380970530546389,71.29463160651076,2043.0181919035103
EEIPU,6,44,-12.380970530546389,30.43525268044316,2073.4534445839536
EEIPU,6,45,-12.380970530546389,71.59918239379994,2145.0526269777533
EEIPU,6,46,-12.20207425475576,51.06971716136947,2196.122344139123
EEIPU,6,47,-12.20207425475576,71.935298358203,2268.057642497326
EEIPU,6,48,-12.20207425475576,72.24761791666614,2340.305260413992
EEIPU,6,49,-12.20207425475576,71.60349415991355,2411.9087545739058
EEIPU,6,50,-12.20207425475576,71.74469133552388,2483.6534459094296
EEIPU,6,51,-12.20207425475576,49.29755369454102,2532.9509996039706
EEIPU,6,52,-12.20207425475576,30.49776894613809,2563.4487685501085
EEIPU,6,53,-12.20207425475576,71.05571684431428,2634.5044853944228
EEIPU,6,54,-12.20207425475576,32.54409764573053,2667.048583040153
EEIPU,6,55,-12.074295814616896,50.4475356434161,2717.4961186835694
EEIPU,6,56,-12.074295814616896,73.60911041312231,2791.105229096692
EEIPU,6,57,-12.074295814616896,49.81692996627325,2840.922159062965
EEIPU,6,58,-12.074295814616896,50.316594952045975,2891.2387540150107
EEIPU,6,59,-12.074295814616896,51.71054285847071,2942.949296873481
EEIPU,6,60,-12.074295814616896,71.46986657113713,3014.4191634446183
EEIPU,6,61,-12.074295814616896,50.09620344668427,3064.5153668913026
EEIPU,6,62,-12.074295814616896,71.61635939342418,3136.131726284727
EEIPU,6,63,-12.074295814616896,26.677707530423096,3162.80943381515
EEIPU,6,64,-12.074295814616896,49.926745379099,3212.736179194249
EEIPU,6,65,-12.074295814616896,49.06214458422049,3261.798323778469
EEIPU,6,66,-12.057074494685384,48.796926874430426,3310.5952506529
EEIPU,6,67,-11.97060063416666,48.23343737855966,3358.8286880314595
EEIPU,6,68,-11.872145253160078,50.00224921304656,3408.830937244506
EEIPU,6,69,-11.872145253160078,49.49189752914617,3458.322834773652
EEIPU,6,70,-11.872145253160078,29.00623960480552,3487.329074378458
EEIPU,6,71,-11.872145253160078,31.226321225091716,3518.5553956035496
EEIPU,6,72,-11.872145253160078,49.76559542143846,3568.320991024988
EEIPU,6,73,-11.872145253160078,70.84558462785279,3639.166575652841
EEIPU,6,74,-11.3210532778676,69.26922120970853,3708.4357968625495
EEIPU,6,75,-11.28439189040073,69.16241594838162,3777.5982128109313
EEIPU,6,76,-11.279492377186592,34.97677015188799,3812.5749829628194
EEIPU,6,77,-11.279492377186592,38.03349441313342,3850.6084773759526
EEIPU,6,78,-11.279492377186592,33.82111247175986,3884.4295898477126
EEIPU,6,79,-11.065587115969082,70.73276587191137,3955.162355719624
EEIPU,6,80,-11.047195214737282,33.33724123480553,3988.499596954429
EEIPU,6,81,-11.047195214737282,49.6409655922691,4038.140562546698
EEIPU,6,82,-10.815799921880402,72.53519580874931,4110.675758355447
EEIPU,6,83,-9.76017018902212,70.70916151515199,4181.384919870599
EEIPU,6,84,-9.746480300293548,41.65779615575512,4223.042716026354
EEIPU,6,85,-9.746480300293548,42.104500788116205,4265.147216814471
EEIPU,6,86,-9.746480300293548,35.17587933186083,4300.323096146331
EEIPU,6,87,-7.982784010118632,73.1363274821152,4373.459423628447
EEIPU,6,88,-7.982784010118632,39.91224084258245,4413.371664471029
EEIPU,6,89,-7.982784010118632,55.00521938425466,4468.376883855284
EEIPU,6,90,-7.980600136441639,74.9433940625038,4543.320277917788
EEIPU,6,91,-7.980600136441639,52.8057174502348,4596.125995368023
EEIPU,6,92,-7.980600136441639,75.63783052075628,4671.763825888779
EEIPU,6,93,-7.980600136441639,47.24431229431999,4719.008138183099
EEIPU,6,94,-7.962277944615808,76.86539325184316,4795.8735314349415
EEIPU,6,95,-7.775967566171554,75.69783968852002,4871.571371123461
EEIPU,6,96,-7.775967566171554,82.88306775200009,4954.454438875461
EEIPU,6,97,-7.775967566171554,38.06887557123704,4992.523314446698
EEIPU,6,98,-7.772651985156255,50.41158573580338,5042.934900182502
EEIPU,6,99,-7.749893795192149,43.964678650539504,5086.899578833041
EEIPU,6,100,-7.749893795192149,37.84737039235871,5124.7469492254
EEIPU,6,101,-7.288902747134333,76.83049205482595,5201.577441280227
EEIPU,6,102,-7.288902747134333,77.81665384475761,5279.394095124984
EEIPU,6,103,-7.288121840562708,76.42433964918482,5355.818434774169
EEIPU,6,104,-7.288121840562708,57.615067306685575,5413.433502080855
EEIPU,6,105,-7.288121840562708,54.82506775740307,5468.258569838258
EEIPU,6,106,-7.288121840562708,57.37011634082559,5525.628686179084
EEIPU,6,107,-7.288121840562708,76.8661145188368,5602.494800697921
EEIPU,6,108,-7.287960673680814,41.12586492985958,5643.620665627781
EEIPU,6,109,-7.287960673680814,75.32443024857044,5718.945095876351
EEIPU,6,110,-7.287960673680814,55.957837095880166,5774.902932972231
EEIPU,6,111,-7.287960673680814,75.38746330537668,5850.290396277607
EEIPU,6,112,-7.287960673680814,52.42333026325585,5902.713726540863
EEIPU,6,113,-7.287960673680814,41.696261930403296,5944.409988471266
EEIPU,6,114,-7.287960673680814,76.26417837116549,6020.674166842431
EEIPU,6,115,-7.287960673680814,78.470358671284,6099.144525513715
EEIPU,6,116,-7.287960673680814,45.19374015379295,6144.338265667508
EEIPU,6,117,-7.287960673680814,77.43087899044161,6221.769144657949
EEIPU,6,118,-7.287960673680814,77.36778911369747,6299.136933771647
EEIPU,6,119,-7.287960673680814,55.26599415507197,6354.402927926719
EEIPU,6,120,-7.287960673680814,78.60099481545171,6433.00392274217
EEIPU,6,121,-7.287960673680814,56.22963426487115,6489.233557007042
EEIPU,6,122,-6.995573071705326,77.02468624509629,6566.258243252138
EEIPU,6,123,-6.995573071705326,76.03115362149822,6642.289396873636
EEIPU,6,124,-6.995573071705326,39.970311489485205,6682.259708363122
EEIPU,6,125,-6.995573071705326,39.08507145785656,6721.344779820978
EEIPU,6,126,-6.960741553799318,75.84391234659046,6797.188692167569
EEIPU,6,127,-6.960741553799318,78.52186476543649,6875.710556933005
EEIPU,6,128,-6.928820694054068,77.19934733297117,6952.909904265976
EEIPU,6,129,-6.928820694054068,40.13669354300747,6993.046597808984
EEIPU,6,130,-6.928820694054068,44.08079490569053,7037.127392714675
EEIPU,6,131,-6.927765795858862,76.11103386191482,7113.2384265765895
EEIPU,6,132,-6.927765795858862,77.55416473479569,7190.792591311385
EEIPU,6,133,-6.927765795858862,40.96155177879924,7231.754143090184
EEIPU,6,134,-6.927765795858862,76.26375186488346,7308.017894955067
EEIPU,6,135,-6.927765795858862,56.51066542183929,7364.528560376906
EEIPU,6,136,-6.927765795858862,39.54221750924539,7404.070777886151
EEIPU,6,137,-6.927765795858862,39.81768710129587,7443.888464987447
EEIPU,6,138,-6.927765795858862,41.56272003180308,7485.45118501925
EEIPU,6,139,-6.927765795858862,39.44057448834276,7524.891759507593
EEIPU,6,140,-6.927765795858862,77.90472081345193,7602.796480321044
EEIPU,6,141,-6.927765795858862,77.7835228574888,7680.580003178533
EEIPU,6,142,-6.927765795858862,77.78983141998043,7758.369834598513
EEIPU,6,143,-6.927765795858862,76.74748025921382,7835.117314857727
EEIPU,6,144,-6.927765795858862,40.964070130201925,7876.08138498793
EEIPU,6,145,-6.927765795858862,40.42818490403213,7916.509569891961
EEIPU,6,146,-6.895185369783464,77.40308480585126,7993.912654697812
EEIPU,6,147,-6.894960936913845,41.05483493350592,8034.967489631318
